"year","municip_number","municip","sea_area","population","popgrowth","unemployed","percent_wforce","distance","distance_rank","aqua_prod_ton","total_catch_ton","total_catch_ton_coast","total_catch_ton_11m","totobs"
2006,2004,"Hammerfest",2379.58,9361,-10,194,74,2187.8,68,1150.485368,14195.0255,11661.5062,1634.508,14
2006,2012,"Alta",708.22,17889,30,406,70.1,2142.243,66,14925.546698,400.8653,400.8653,335.1663,14
2006,2014,"Loppa",2119.69,1213,-25,61,64.7,2114.266,65,7714.625581,5374.567,5321.596,1056.4635,14
2006,2017,"Kvalsund",299.43,1070,0,29,62,2196.698,69,3011.72029,2.2681,2.2681,2.2681,14
2006,2019,"Nordkapp",3172.78,3330,-26,137,66.7,2302.882,72,115.461352,11631.0493,11253.3751,3050.0341,14
2006,2027,"Nesseby",200.5,892,-7,25,62.8,2452.245,77,NA,195.936,195.936,181.6771,14
2006,2030,"Sor-Varanger",1135.7,9464,-16,202,68.7,2587.5,81,385.288077,389.0039,389.0039,310.5866,14
2006,1902,"Tromso",2767.33,63596,380,1024,73.5,1963.832,58,4524.556192,25941.1634,17694.0194,2404.0718,14
2006,1903,"Harstad",1075.25,NA,NA,NA,NA,1850.033,44,3481.07355,907.806,907.806,547.894,14
2006,1911,"Kvaefjord",189.03,3067,7,56,65.5,1806.774,39,4338.264036,185.6998,185.6998,146.7792,14
2006,1913,"Skanland",85.75,2918,3,53,65.9,1844.254,41,6208.08166,0,0,0,14
2006,1917,"Ibestad",351.66,1630,-19,39,58.9,1875.689,45,4094.627156,0,0,0,14
2006,1919,"Gratangen",61.93,1245,6,41,58.2,1883.657,46,1814.057024,0,0,0,13
2006,1920,"Lavangen",22.93,1035,-14,24,64.1,1896.465,49,2788.399616,0.1823,0.1823,0,14
2006,1923,"Salangen",63.61,2263,3,40,67.8,1900.846,51,512.334774,0.7506,0.7506,0,13
2006,1926,"Dyroy",181.21,1295,-21,28,64.2,1900.833,50,3012.068935,0,0,0,14
2006,1927,"Tranoy",414.56,1598,-1,17,63.8,1894.122,48,4277.229275,0,0,0,14
2006,1928,"Torsken",832.68,1005,-14,19,63.4,1890.295,47,8494.971404,5721.0821,4529.0518,613.8617,14
2006,1929,"Berg",836.66,996,-9,19,68.8,1910.705,52,3205.810157,10161.2208,7192.1266,1288.6894,14
2006,1931,"Lenvik",702.95,11051,6,209,66.3,1925.114,54,2173.552638,2837.1292,2742.6292,407.4,14
2006,1936,"Karlsoy",4796.75,2369,-11,55,68.8,2036.172,59,4949.279871,12674.0734,12336.6624,2658.6765,14
2006,1938,"Lyngen",487.07,3161,-5,97,66.8,2039.693,60,759.953067,2.876,2.876,0,14
2006,1940,"Kafjord",124.17,2261,-6,72,63.7,2051.994,61,1902.36571,274.6787,274.6787,261.4999,14
2006,1941,"Skjervoy",1088,2971,-13,101,61.6,2077.385,62,7232.087591,13082.5223,10722.1858,1413.7607,14
2006,1942,"Nordreisa",243.72,4772,-43,122,68.7,2083.479,63,4867.534404,220.0474,220.0474,185.8231,14
2006,1943,"Kvaenangen",573.01,1387,-9,50,63.7,2110.984,64,5136.186831,1139.1002,1110.0002,466.6568,14
2006,1804,"Bodo",3431.45,44992,215,763,72.2,1625.878,22,1565.082681,29697.3384,15114.6364,360.6152,14
2006,1811,"Bindal",641.29,1741,-15,24,64.6,1333.778,1,3960.461713,151.7305,151.7305,140.7351,14
2006,1812,"Somna",594.84,2048,-4,25,68.4,1341.503,2,3567.771951,0.8445,0.8445,0.8445,14
2006,1813,"Bronnoy",1052.81,7565,3,137,68.4,1359.248,3,2653.181922,455.3811,455.3811,371.4466,14
2006,1815,"Vega",2756.44,1308,-6,22,66.2,1375.174,4,1706.243373,1673.7182,1673.7182,452.5007,14
2006,1816,"Vevelstad",122.2,516,-3,11,70,1379.621,5,4763.285334,0,0,0,14
2006,1818,"Heroy",2197.73,1725,-16,44,67.2,1418.72,8,NA,1222.5096,1222.5096,689.2287,14
2006,1820,"Alstahaug",397.61,7306,-5,187,66.5,1400.557,6,2550.56709,0.6999,0.6999,0.6999,14
2006,1824,"Vefsn",101.49,13440,3,269,65.7,1409.307,7,1722.185736,0.379,0.379,0.379,14
2006,1827,"Donna",567.37,1507,-8,31,68.1,1438.247,9,516.232278,417.5741,417.5741,223.0545,14
2006,1828,"Nesna",219.63,1769,4,32,66.6,1455.901,12,926.686309,4.5585,4.5585,4.5585,14
2006,1833,"Rana",128.29,25355,-90,620,65.4,1502.259,15,858.279262,0,0,0,14
2006,1834,"Luroy",1072.51,1971,1,35,65.9,1467.93,13,12072.987591,421.3996,421.3996,250.1177,14
2006,1835,"Traena",1777.3,453,0,7,74.4,1468.945,14,461.024581,11567.3822,5950.5762,800.5251,14
2006,1836,"Rodoy",2391.77,1376,-11,29,70,1502.26,16,12988.740265,801.1869,801.1869,514.8779,14
2006,1837,"Meloy",1872.46,6715,-22,90,67.9,1505.621,18,5801.144897,1073.576,1073.576,554.7675,14
2006,1838,"Gildeskal",837.6,2107,-18,34,66.6,1509.91,19,6471.414789,120.4751,120.4751,88.3267,14
2006,1840,"Saltdal",29.77,4751,-6,113,67.3,1502.261,17,237.593887,0.1065,0.1065,0,14
2006,1841,"Fauske",84.29,9551,-27,266,65.3,1625.878,22,2282.362926,57.0418,57.0418,46.6942,14
2006,1845,"Sorfold",192.04,2119,-10,56,64,1711.852,28,6610.755482,162.6641,162.6641,131.5755,14
2006,1848,"Steigen",2475.41,2760,-16,68,65.8,1711.846,27,10766.202927,596.8276,596.8276,461.6342,14
2006,1849,"Hamaroy",528.96,1821,-14,44,65,1724.582,30,819.315348,0,0,0,14
2006,1850,"Tysfjord",465.3,2118,-13,75,60.3,1743.794,31,1176.162456,1069.1231,1069.1231,356.9359,14
2006,1851,"Lodingen",516.46,2314,-3,68,64.4,1754.722,33,4887.889985,14702.242,7059.638,65.3476,14
2006,1854,"Ballangen",260.93,2701,-14,68,60.4,1791.624,35,843.627096,418.8196,418.8196,71.5106,14
2006,1859,"Flakstad",994.01,1454,1,50,66.8,1680.052,25,2858.617055,5992.9426,5992.9426,2194.1465,14
2006,1860,"Vestvagoy",1685.01,10797,33,283,65.4,1703.182,26,NA,9842.3935,9681.2414,1433.1986,14
2006,1865,"Vagan",1608.35,9021,-28,230,66.7,1720.912,29,8064.38101,27106.9363,24628.3303,1783.0746,14
2006,1866,"Hadsel",617.87,8001,-14,181,67.4,1753.946,32,5871.421994,833.2088,385.2068,186.7385,14
2006,1867,"Bo",1579.07,2946,-6,81,60.4,1760.852,34,3779.146867,10075.1408,9426.9875,564.6122,14
2006,1868,"Oksnes",1495.68,4567,-37,99,67.4,1803.767,38,6688.259255,10721.4405,10721.4405,1723.1422,14
2006,1870,"Sortland",371.13,9639,46,253,69.7,1796.622,36,4295.428107,2588.3612,2324.6432,2.3002,14
2007,2004,"Hammerfest",2379.58,9391,35,75,75.3,2187.8,68,7008.104775,10812.5468,5815.453,1737.7243,14
2007,2012,"Alta",708.22,18090,3,292,72.1,2142.243,66,14112.492488,417.0838,417.0838,394.3076,14
2007,2014,"Loppa",2119.69,1150,-9,44,65.7,2114.266,65,6093.070341,1454.2885,1454.2885,777.6078,14
2007,2017,"Kvalsund",299.43,1092,-4,17,64.8,2196.698,69,1275.195862,11.8071,11.8071,8.8556,14
2007,2019,"Nordkapp",3172.78,3274,-9,90,69.5,2302.882,72,955.798935,12655.9061,10844.6892,3868.9501,14
2007,2027,"Nesseby",200.5,884,-4,23,66.6,2452.245,77,38.561091,405.3883,405.3883,402.9811,14
2007,2030,"Sor-Varanger",1135.7,9490,-48,141,70.4,2587.5,81,1820.437488,620.6445,620.6445,480.225,14
2007,1902,"Tromso",2767.33,64492,290,766,74.1,1963.832,58,7042.71564,16860.7466,12824.1583,2319.1652,14
2007,1903,"Harstad",1075.25,NA,NA,NA,NA,1850.033,44,708.840669999999,1106.7897,1106.7897,759.6832,14
2007,1911,"Kvaefjord",189.03,3048,-16,34,70.3,1806.774,39,5875.712263,120.1642,120.1642,84.8553,14
2007,1913,"Skanland",85.75,2883,-12,44,68.9,1844.254,41,5376.3542,0,0,0,14
2007,1917,"Ibestad",351.66,1574,-22,21,61.5,1875.689,45,1742.259482,0,0,0,14
2007,1919,"Gratangen",61.93,1226,-10,16,61.4,1883.657,46,4525.305152,0,0,0,13
2007,1920,"Lavangen",22.93,1011,-7,12,63.4,1896.465,49,NA,0.21,0.21,0,14
2007,1923,"Salangen",63.61,2232,-24,37,67.3,1900.846,51,NA,0,0,0,13
2007,1926,"Dyroy",181.21,1265,-17,19,63.8,1900.833,50,8194.27118,0,0,0,14
2007,1927,"Tranoy",414.56,1570,-16,12,64.4,1894.122,48,9951.866579,0,0,0,14
2007,1928,"Torsken",832.68,978,-10,8,67.4,1890.295,47,6457.290828,3655.9175,3563.1173,814.7479,14
2007,1929,"Berg",836.66,962,-11,14,71.5,1910.705,52,1035.532566,9007.7878,8272.7438,1491.5075,14
2007,1931,"Lenvik",702.95,11027,8,142,68.3,1925.114,54,1918.767102,2055.2981,2055.2981,521.9703,14
2007,1936,"Karlsoy",4796.75,2344,-20,38,68,2036.172,59,3776.748969,11325.3369,10700.1857,2573.2882,14
2007,1938,"Lyngen",487.07,3199,-20,69,69.1,2039.693,60,3938.65628,278.065,278.065,2.041,14
2007,1940,"Kafjord",124.17,2220,6,50,64.9,2051.994,61,5069.580603,226.073,226.073,202.9631,14
2007,1941,"Skjervoy",1088,2966,-22,62,68,2077.385,62,5466.704847,8811.731,6489.8273,1789.0458,14
2007,1942,"Nordreisa",243.72,4699,-21,101,70,2083.479,63,4727.483259,376.2555,376.2555,327.4943,14
2007,1943,"Kvaenangen",573.01,1351,-5,24,64.6,2110.984,64,8471.847248,994.1214,994.1214,759.3037,14
2007,1804,"Bodo",3431.45,45575,136,631,74,1625.878,22,143.91112,13741.1687,9967.7247,431.0131,14
2007,1811,"Bindal",641.29,1692,-21,13,64.4,1333.778,1,3042.705249,173.6944,173.6944,160.87,14
2007,1812,"Somna",594.84,2047,6,12,69.3,1341.503,2,2623.136414,0.2243,0.2243,0.2243,14
2007,1813,"Bronnoy",1052.81,7548,-17,87,69.9,1359.248,3,3824.135728,483.4109,483.4109,356.8729,14
2007,1815,"Vega",2756.44,1299,-7,19,67.2,1375.174,4,1181.988261,168.8113,168.8113,143.0241,14
2007,1816,"Vevelstad",122.2,504,-8,NA,72.2,1379.621,5,5161.954959,0,0,0,14
2007,1818,"Heroy",2197.73,1682,7,15,66,1418.72,8,3199.425005,585.423,585.423,399.0379,14
2007,1820,"Alstahaug",397.61,7225,-33,124,68.5,1400.557,6,3437.337553,0.3149,0.3149,0.3149,14
2007,1824,"Vefsn",101.49,13571,-69,182,68.8,1409.307,7,1231.114132,0.4225,0.4225,0.4225,14
2007,1827,"Donna",567.37,1489,-8,23,67.9,1438.247,9,3889.541828,465.3954,465.3954,281.4765,14
2007,1828,"Nesna",219.63,1776,-2,18,68.3,1455.901,12,1324.564144,7.422,7.422,7.422,14
2007,1833,"Rana",128.29,25190,-32,357,67.8,1502.259,15,2887.685123,3.931,3.931,3.931,14
2007,1834,"Luroy",1072.51,1970,-20,29,68.5,1467.93,13,11776.185093,403.6307,403.6307,256.7378,14
2007,1835,"Traena",1777.3,446,1,NA,75.9,1468.945,14,1453.303331,8771.0489,6792.7899,780.852,14
2007,1836,"Rodoy",2391.77,1343,-2,19,71.9,1502.26,16,9477.855456,944.7841,944.7841,603.7752,14
2007,1837,"Meloy",1872.46,6663,-12,72,70.7,1505.621,18,7951.276578,708.1151,708.1151,500.4377,14
2007,1838,"Gildeskal",837.6,2081,-12,22,67.6,1509.91,19,7040.88845,83.8446,83.8446,64.8642,14
2007,1840,"Saltdal",29.77,4688,17,79,68.1,1502.261,17,2860.968383,0.0825,0.0825,0,14
2007,1841,"Fauske",84.29,9465,-10,195,68.1,1625.878,22,350.569929,85.3354,85.3354,64.4314,14
2007,1845,"Sorfold",192.04,2084,-24,42,64.1,1711.852,28,5889.410431,148.8564,148.8564,128.8726,14
2007,1848,"Steigen",2475.41,2680,-2,50,67.6,1711.846,27,10825.384149,491.2247,491.2247,389.7611,14
2007,1849,"Hamaroy",528.96,1771,-11,38,66.2,1724.582,30,5076.429863,0.0517,0.0517,0.0517,14
2007,1850,"Tysfjord",465.3,2052,-17,45,61.7,1743.794,31,2242.786941,185.1352,185.1352,61.8959,14
2007,1851,"Lodingen",516.46,2257,-14,44,66,1754.722,33,3059.862506,7363.9779,2245.1109,331.0684,14
2007,1854,"Ballangen",260.93,2684,-24,33,60.9,1791.624,35,746.083603,173.1761,173.1761,1.0561,14
2007,1859,"Flakstad",994.01,1458,1,33,68.4,1680.052,25,2641.130559,5651.5959,5651.5959,1751.1792,14
2007,1860,"Vestvagoy",1685.01,10745,-47,207,68.6,1703.182,26,724.285009,7711.5615,7711.5615,1134.8444,14
2007,1865,"Vagan",1608.35,8992,-29,211,69.2,1720.912,29,5630.430227,14420.0721,14311.8091,1774.7855,14
2007,1866,"Hadsel",617.87,7907,19,162,68,1753.946,32,10085.045022,493.1676,493.1676,217.0044,14
2007,1867,"Bo",1579.07,2899,-5,69,61.6,1760.852,34,2670.691315,5642.1676,5564.0536,447.3913,14
2007,1868,"Oksnes",1495.68,4486,-14,75,69,1803.767,38,8333.309778,12772.1205,12762.5925,1957.7175,14
2007,1870,"Sortland",371.13,9703,-26,177,72.3,1796.622,36,3443.801996,1810.7517,1521.9417,90.2287,14
2008,2004,"Hammerfest",2379.58,9407,64,94,75.4,2187.8,68,11308.63113,9098.2344,5862.2727,1580.6992,14
2008,2012,"Alta",708.22,18272,75,220,71.5,2142.243,66,8331.204678,593.5415,593.5415,514.2703,14
2008,2014,"Loppa",2119.69,1106,0,22,66.5,2114.266,65,6429.93768,1539.6656,1539.6656,797.9363,14
2008,2017,"Kvalsund",299.43,1101,-24,18,62.5,2196.698,69,1570.039065,0,0,0,14
2008,2019,"Nordkapp",3172.78,3219,-20,77,68.8,2302.882,72,2579.759587,10797.3671,10298.7183,3749.5182,14
2008,2027,"Nesseby",200.5,856,13,14,62.4,2452.245,77,1651.918804,330.1203,330.1203,323.3536,14
2008,2030,"Sor-Varanger",1135.7,9518,29,112,71.8,2587.5,81,2665.849513,754.3059,754.3059,668.6446,14
2008,1902,"Tromso",2767.33,65286,472,650,73.6,1963.832,58,4586.526313,27602.3519,22401.9397,3211.7572,14
2008,1903,"Harstad",1075.25,NA,NA,NA,NA,1850.033,44,5142.534205,1042.5856,1042.5856,682.9893,14
2008,1911,"Kvaefjord",189.03,3036,-10,31,67.6,1806.774,39,5153.489988,122.6204,122.6204,87.5534,14
2008,1913,"Skanland",85.75,2862,-21,26,66.8,1844.254,41,2320.340735,0,0,0,14
2008,1917,"Ibestad",351.66,1511,-25,14,63,1875.689,45,5876.019479,0.0888,0.0888,0.0888,14
2008,1919,"Gratangen",61.93,1168,-6,10,61.7,1883.657,46,NA,0,0,0,13
2008,1920,"Lavangen",22.93,1010,-10,16,63.5,1896.465,49,NA,0,0,0,14
2008,1926,"Dyroy",181.21,1232,-7,17,63.6,1900.833,50,8804.848441,0,0,0,14
2008,1927,"Tranoy",414.56,1579,-8,12,65.2,1894.122,48,2656.0928,264,264,0,14
2008,1928,"Torsken",832.68,937,1,9,65.9,1890.295,47,6008.723042,4245.573,4151.6643,897.6863,14
2008,1929,"Berg",836.66,937,3,NA,72.6,1910.705,52,890.284611,10635.1263,10125.4993,1627.6954,14
2008,1931,"Lenvik",702.95,11160,13,118,68,1925.114,54,4917.267416,2378.7803,2378.7803,785.3467,14
2008,1936,"Karlsoy",4796.75,2404,-14,31,64.6,2036.172,59,6493.56933,6251.2943,6251.2943,2688.0861,14
2008,1938,"Lyngen",487.07,3208,7,42,68.3,2039.693,60,1079.817764,270.6474,270.6474,0.9207,14
2008,1940,"Kafjord",124.17,2248,-2,48,64.7,2051.994,61,1544.602792,266.3479,266.3479,256.0091,14
2008,1941,"Skjervoy",1088,2934,-5,41,68,2077.385,62,8089.434994,7918.7631,6371.614,1367.1058,14
2008,1942,"Nordreisa",243.72,4665,-28,81,70.1,2083.479,63,5257.632932,421.9466,421.9466,388.6563,14
2008,1943,"Kvaenangen",573.01,1348,-7,24,66.1,2110.984,64,6895.224282,1233.6416,1203.7916,988.9048,14
2008,1804,"Bodo",3431.45,46049,52,476,73.7,1625.878,22,NA,21742.5818,17742.3888,547.6728,14
2008,1811,"Bindal",641.29,1631,-16,13,65.9,1333.778,1,5764.486362,165.8851,165.8851,151.1866,14
2008,1812,"Somna",594.84,2056,7,14,69.4,1341.503,2,4373.318752,0,0,0,14
2008,1813,"Bronnoy",1052.81,7535,-30,77,69.6,1359.248,3,4582.721223,611.2425,611.2425,420.8695,14
2008,1815,"Vega",2756.44,1295,-1,10,67.8,1375.174,4,3769.231935,150.5073,150.5073,121.3684,14
2008,1816,"Vevelstad",122.2,485,-3,6,71,1379.621,5,4489.494592,0,0,0,14
2008,1818,"Heroy",2197.73,1683,-10,25,65.7,1418.72,8,5645.228577,812.1251,812.1251,410.3645,14
2008,1820,"Alstahaug",397.61,7207,19,95,68.3,1400.557,6,6636.540398,0.7346,0.7346,0.4416,14
2008,1824,"Vefsn",101.49,13424,-80,172,69,1409.307,7,2453.842922,0.6754,0.6754,0.6754,14
2008,1827,"Donna",567.37,1463,-11,20,68.5,1438.247,9,2325.667909,438.1183,438.1183,306.6753,14
2008,1828,"Nesna",219.63,1792,0,26,66,1455.901,12,1088.970686,6.6948,6.6948,6.6948,14
2008,1833,"Rana",128.29,25092,86,211,68.5,1502.259,15,178.397587,4.5842,4.5842,4.5842,14
2008,1834,"Luroy",1072.51,1899,-3,19,69.8,1467.93,13,8884.879639,521.942,521.942,266.9084,14
2008,1835,"Traena",1777.3,451,-2,NA,70.6,1468.945,14,1607.25342,16082.3172,13933.3802,906.0492,14
2008,1836,"Rodoy",2391.77,1314,12,17,72.5,1502.26,16,12483.918794,1121.4246,1121.4246,898.9747,14
2008,1837,"Meloy",1872.46,6622,-20,65,72,1505.621,18,5813.24801,616.9938,616.9938,423.1074,14
2008,1838,"Gildeskal",837.6,2046,-6,18,67.6,1509.91,19,11005.075767,140.8185,140.8185,74.0605,14
2008,1840,"Saltdal",29.77,4710,3,71,68.7,1502.261,17,2470.413146,0,0,0,14
2008,1841,"Fauske",84.29,9480,-28,168,68.1,1625.878,22,1347.640259,107.2359,107.2359,81.4058,14
2008,1845,"Sorfold",192.04,2000,1,26,63.7,1711.852,28,8074.679156,214.762,214.762,187.2843,14
2008,1848,"Steigen",2475.41,2672,3,49,67.1,1711.846,27,13326.94778,573.7434,573.7434,427.5736,14
2008,1849,"Hamaroy",528.96,1761,-21,24,64.9,1724.582,30,1092.795396,0,0,0,14
2008,1850,"Tysfjord",465.3,2028,4,39,62.3,1743.794,31,3970.701215,43.9423,43.9423,24.7316,14
2008,1851,"Lodingen",516.46,2279,-17,37,66.2,1754.722,33,7762.090932,12569.0773,3828.6932,338.7438,14
2008,1854,"Ballangen",260.93,2652,-10,50,60.7,1791.624,35,1085.36837,0.6976,0.6976,0.6976,14
2008,1859,"Flakstad",994.01,1441,-11,28,68.7,1680.052,25,3576.268433,5639.6612,5639.6612,1838.5289,14
2008,1860,"Vestvagoy",1685.01,10710,27,164,68.9,1703.182,26,NA,7755.2085,7755.2085,1099.8753,14
2008,1865,"Vagan",1608.35,8933,-15,165,69,1720.912,29,12805.862315,16331.3081,14686.8951,1990.8499,14
2008,1866,"Hadsel",617.87,7970,2,119,66.3,1753.946,32,3482.179297,412.6977,248.3945,201.3361,14
2008,1867,"Bo",1579.07,2867,-37,48,62.3,1760.852,34,7146.734807,8724.1778,7564.9418,541.0083,14
2008,1868,"Oksnes",1495.68,4424,-8,44,67.5,1803.767,38,9161.304314,12306.8868,12049.5318,2023.6347,14
2008,1870,"Sortland",371.13,9678,39,119,71.3,1796.622,36,2058.748084,1890.8294,1545.2324,1.8844,14
2009,2004,"Hammerfest",2379.58,9493,54,170,73.2,2187.8,68,10763.139511,9426.2186,5933.6392,1020.965,14
2009,2012,"Alta",708.22,18488,109,366,69.7,2142.243,66,13786.671476,322.5193,322.5193,309.2661,14
2009,2014,"Loppa",2119.69,1087,-12,14,63.8,2114.266,65,11307.124156,717.0877,717.0877,214.6749,14
2009,2017,"Kvalsund",299.43,1044,-11,21,61.8,2196.698,69,1263.144293,0,0,0,14
2009,2019,"Nordkapp",3172.78,3180,1,107,67.1,2302.882,72,4577.883025,17605.9518,8717.5074,3018.0894,14
2009,2022,"Lebesby",2269.84,1332,-13,40,64.7,2339.808,73,252.806863,3476.1966,3476.1966,1744.7122,14
2009,2027,"Nesseby",200.5,878,-4,16,64.5,2452.245,77,5735.30279,401.967,401.967,348.4738,14
2009,2030,"Sor-Varanger",1135.7,9623,22,110,70.7,2587.5,81,4879.92902,658.5564,658.5564,554.961,14
2009,1902,"Tromso",2767.33,66513,259,1001,72,1963.832,58,7928.228574,37167.7924,20461.2614,4301.1114,14
2009,1903,"Harstad",1075.25,NA,NA,NA,NA,1850.033,44,8966.89583,733.9635,733.9635,330.9209,14
2009,1911,"Kvaefjord",189.03,3032,-9,35,65.1,1806.774,39,11881.415777,151.2761,151.2761,122.0589,14
2009,1913,"Skanland",85.75,2841,8,42,65.7,1844.254,41,2024.36785,1.4958,1.4958,1.4958,14
2009,1917,"Ibestad",351.66,1440,-24,20,61.4,1875.689,45,5547.939884,3.0073,3.0073,3.0073,14
2009,1919,"Gratangen",61.93,1151,-11,NA,60.5,1883.657,46,1793.281285,0,0,0,13
2009,1920,"Lavangen",22.93,1023,-5,NA,61.9,1896.465,49,4741.607029,0,0,0,14
2009,1923,"Salangen",63.61,2203,-13,37,64.3,1900.846,51,1793.101526,72.12,72.12,0,13
2009,1926,"Dyroy",181.21,1216,1,22,60.3,1900.833,50,2840.230898,0,0,0,14
2009,1927,"Tranoy",414.56,1537,-10,17,63.6,1894.122,48,12122.017254,0,0,0,14
2009,1928,"Torsken",832.68,916,-8,26,65.4,1890.295,47,6134.179778,3269.6486,3073.8827,810.7507,14
2009,1929,"Berg",836.66,942,-13,9,71.1,1910.705,52,NA,20034.8268,11510.6968,1092.0622,14
2009,1931,"Lenvik",702.95,11207,51,115,67.2,1925.114,54,5635.392601,1982.3499,1982.3499,615.4012,14
2009,1936,"Karlsoy",4796.75,2383,-30,107,65.7,2036.172,59,5344.853414,5218.4267,4372.6307,1548.4185,14
2009,1938,"Lyngen",487.07,3166,-10,67,67.3,2039.693,60,4408.87163,370.7103,370.7103,13.7506,14
2009,1940,"Kafjord",124.17,2236,2,62,64.2,2051.994,61,3618.065942,150.3542,150.3542,146.8167,14
2009,1941,"Skjervoy",1088,2897,-23,58,65.3,2077.385,62,5531.440637,5613.4281,3667.0281,792.057,14
2009,1942,"Nordreisa",243.72,4694,12,84,67.7,2083.479,63,4733.75985,357.9092,357.9092,282.7512,14
2009,1943,"Kvaenangen",573.01,1330,-12,NA,64.3,2110.984,64,7863.02066,191.4851,191.4851,131.6457,14
2009,1804,"Bodo",3431.45,46495,143,631,71.7,1625.878,22,609.383949,38632.7339,21714.0099,377.8601,14
2009,1811,"Bindal",641.29,1616,-13,22,62.8,1333.778,1,6646.897066,156.0433,156.0433,145.651,14
2009,1812,"Somna",594.84,2054,8,26,68.5,1341.503,2,8559.734405,0.404,0.404,0.404,14
2009,1813,"Bronnoy",1052.81,7597,-3,104,68.2,1359.248,3,4879.926137,466.6478,466.6478,397.8972,14
2009,1815,"Vega",2756.44,1288,-9,18,67.9,1375.174,4,734.096966,0.1106,0.1106,0.1106,14
2009,1816,"Vevelstad",122.2,501,0,10,65.4,1379.621,5,5003.510452,0,0,0,14
2009,1818,"Heroy",2197.73,1652,-17,37,65.1,1418.72,8,4873.714413,430.479,430.479,349.2464,14
2009,1820,"Alstahaug",397.61,7208,-5,100,67.6,1400.557,6,7264.618221,1.3219,1.3219,1.3219,14
2009,1824,"Vefsn",101.49,13342,-3,267,68.3,1409.307,7,1397.985876,0.3618,0.3618,0.3618,14
2009,1827,"Donna",567.37,1432,-3,22,68,1438.247,9,6575.844095,636.6579,636.6579,292.3795,14
2009,1828,"Nesna",219.63,1786,32,21,63.5,1455.901,12,1477.549241,2.9086,2.9086,2.9086,14
2009,1833,"Rana",128.29,25281,30,434,67.6,1502.259,15,3252.876185,1.4275,1.4275,1.4275,14
2009,1834,"Luroy",1072.51,1883,-17,25,69.8,1467.93,13,13931.695636,297.7917,297.7917,160.4447,14
2009,1835,"Traena",1777.3,455,25,NA,74.4,1468.945,14,1533.22645,31881.0982,18352.7072,1052.8679,14
2009,1836,"Rodoy",2391.77,1292,-6,17,69.9,1502.26,16,9294.252654,1371.4915,1371.4915,1001.7541,14
2009,1837,"Meloy",1872.46,6641,-16,54,68.8,1505.621,18,11903.828737,625.8358,625.8358,147.7615,14
2009,1838,"Gildeskal",837.6,2053,-16,14,67,1509.91,19,9525.214062,172.6542,172.6542,91.7782,14
2009,1840,"Saltdal",29.77,4727,16,75,67.2,1502.261,17,1289.564016,0,0,0,14
2009,1841,"Fauske",84.29,9477,30,176,66,1625.878,22,2932.498484,3.7459,3.7459,3.536,14
2009,1845,"Sorfold",192.04,2021,-11,40,62.1,1711.852,28,11852.392797,197.8965,197.8965,164.9671,14
2009,1848,"Steigen",2475.41,2665,0,35,66.6,1711.846,27,13456.731718,944.6255,944.6255,646.8679,14
2009,1849,"Hamaroy",528.96,1754,-9,33,64.9,1724.582,30,1774.644827,0.6,0.6,0.6,14
2009,1850,"Tysfjord",465.3,2046,-4,38,58.8,1743.794,31,3777.026916,67.5388,67.5388,60.036,14
2009,1851,"Lodingen",516.46,2242,3,46,63.6,1754.722,33,7592.712534,14778.7302,4796.4822,132.2176,14
2009,1854,"Ballangen",260.93,2623,-16,54,60.8,1791.624,35,1194.383435,0,0,0,14
2009,1859,"Flakstad",994.01,1419,-12,32,67.4,1680.052,25,2179.651487,5468.4115,5468.4115,2106.6068,14
2009,1860,"Vestvagoy",1685.01,10706,5,233,68.1,1703.182,26,760.97279,8142.0524,8142.0524,909.4322,14
2009,1865,"Vagan",1608.35,8976,36,182,67.2,1720.912,29,7095.04118,26001.4232,18063.6151,1770.4587,14
2009,1866,"Hadsel",617.87,7950,12,170,65.1,1753.946,32,11325.692836,1632.6675,1377.7074,338.0003,14
2009,1867,"Bo",1579.07,2838,-32,54,61.6,1760.852,34,6552.569687,10705.9163,7198.9263,993.1736,14
2009,1868,"Oksnes",1495.68,4418,18,66,66.3,1803.767,38,10643.830627,11953.7547,11739.4528,2197.346,14
2009,1870,"Sortland",371.13,9732,73,190,69.4,1796.622,36,4119.791739,1916.543,1736.04,2.268,14
2010,2004,"Hammerfest",2379.58,9724,50,176,72.9,2187.8,68,9546.299395,12632.712,9074.4133,1921.2004,14
2010,2012,"Alta",708.22,18680,82,368,69.1,2142.243,66,20675.674761,557.0957,557.0957,548.8689,14
2010,2014,"Loppa",2119.69,1087,-4,29,61,2114.266,65,6850.179179,5821.2507,4314.0517,867.9995,14
2010,2017,"Kvalsund",299.43,1026,-7,33,61.4,2196.698,69,2673.101881,20.5491,20.5491,20.4534,14
2010,2019,"Nordkapp",3172.78,3185,24,91,66,2302.882,72,1461.757275,17716.7457,14467.4234,4547.7372,14
2010,2022,"Lebesby",2269.84,1342,2,41,59.2,2339.808,73,1610.053708,4010.9313,4010.9313,2140.5913,14
2010,2027,"Nesseby",200.5,884,-1,16,65.3,2452.245,77,3985.609311,547.7792,517.776,490.5072,14
2010,2030,"Sor-Varanger",1135.7,9738,11,151,71.8,2587.5,81,5071.579322,483.0486,483.0486,440.4281,14
2010,1902,"Tromso",2767.33,67305,364,1124,71.5,1963.832,58,9373.314868,33426.828,19334.2612,3398.5708,14
2010,1903,"Harstad",1075.25,NA,NA,NA,NA,1850.033,44,10811.49085,669.8562,669.8562,299.2096,14
2010,1911,"Kvaefjord",189.03,3049,-26,44,65.5,1806.774,39,6372.64936,188.8255,188.8255,159.7193,14
2010,1913,"Skanland",85.75,2855,18,37,64.5,1844.254,41,5225.820095,1.9366,1.9366,1.9366,14
2010,1917,"Ibestad",351.66,1408,2,26,61.8,1875.689,45,6643.258661,1.1045,1.1045,1.1045,14
2010,1919,"Gratangen",61.93,1150,-11,5,59.1,1883.657,46,2733.41489,0.2355,0.2355,0.2355,13
2010,1920,"Lavangen",22.93,1012,3,19,61.2,1896.465,49,1203.268548,0,0,0,14
2010,1923,"Salangen",63.61,2211,-15,36,62.2,1900.846,51,1258.604174,0.196,0.196,0,13
2010,1926,"Dyroy",181.21,1233,-4,31,59.9,1900.833,50,5251.75597,0,0,0,14
2010,1927,"Tranoy",414.56,1552,-11,18,61.5,1894.122,48,9026.733845,0,0,0,14
2010,1928,"Torsken",832.68,899,4,10,64.3,1890.295,47,7792.125061,6536.5415,5886.7113,1243.8329,14
2010,1929,"Berg",836.66,926,-11,13,69.9,1910.705,52,2700.334356,17806.2742,10360.8503,1265.7976,14
2010,1931,"Lenvik",702.95,11243,-16,122,66.3,1925.114,54,3353.152369,2557.8342,2533.5342,732.6117,14
2010,1936,"Karlsoy",4796.75,2371,2,42,65.2,2036.172,59,9854.264045,7994.1201,7516.6308,1966.1705,14
2010,1938,"Lyngen",487.07,3152,-9,62,67.5,2039.693,60,983.4031,781.7399,781.7399,101.3987,14
2010,1941,"Skjervoy",1088,2881,-1,71,64.1,2077.385,62,10052.11011,5890.5637,5381.5087,2284.8716,14
2010,1942,"Nordreisa",243.72,4757,-7,78,66.4,2083.479,63,5174.152149,457.3007,457.3007,411.8058,14
2010,1943,"Kvaenangen",573.01,1316,-4,NA,60.7,2110.984,64,10452.623385,207.6971,207.6971,193.6446,14
2010,1804,"Bodo",3431.45,47282,125,614,71.8,1625.878,22,1829.795058,19544.8934,15293.1974,480.5338,14
2010,1811,"Bindal",641.29,1601,-7,18,60.7,1333.778,1,6671.625013,162.2559,162.2559,149.4699,14
2010,1812,"Somna",594.84,2041,-3,27,70.1,1341.503,2,5413.048378,0.045,0.045,0.045,14
2010,1813,"Bronnoy",1052.81,7660,19,108,67,1359.248,3,3770.497024,393.0403,393.0403,328.2562,14
2010,1815,"Vega",2756.44,1288,-7,20,68.3,1375.174,4,2731.278359,0,0,0,14
2010,1816,"Vevelstad",122.2,510,2,7,68.2,1379.621,5,3506.781307,0,0,0,14
2010,1818,"Heroy",2197.73,1618,14,22,63.9,1418.72,8,5694.954001,495.3045,495.3045,393.9767,14
2010,1820,"Alstahaug",397.61,7196,7,122,67.4,1400.557,6,7083.720189,959.7135,959.7135,0.3705,14
2010,1824,"Vefsn",101.49,13388,-53,194,67.8,1409.307,7,2713.372999,0,0,0,14
2010,1827,"Donna",567.37,1431,-1,22,65.7,1438.247,9,1944.102914,883.8741,883.8741,458.1414,14
2010,1828,"Nesna",219.63,1786,13,27,62.4,1455.901,12,637.865923,9.6291,9.6291,9.2901,14
2010,1833,"Rana",128.29,25282,25,493,67.3,1502.259,15,877.819393,3.818,3.818,3.818,14
2010,1834,"Luroy",1072.51,1900,1,40,69.3,1467.93,13,7038.717023,407.6637,407.6637,238.9623,14
2010,1835,"Traena",1777.3,489,9,6,73.4,1468.945,14,1777.151217,30210.8658,20692.7763,1124.3309,14
2010,1836,"Rodoy",2391.77,1281,7,18,71.1,1502.26,16,13690.756371,1372.7822,1372.7822,1082.2483,14
2010,1837,"Meloy",1872.46,6639,10,72,69.1,1505.621,18,9970.585808,900.7322,900.7322,572.1608,14
2010,1838,"Gildeskal",837.6,1996,0,27,64.4,1509.91,19,5999.908777,134.1176,134.1176,100.1631,14
2010,1840,"Saltdal",29.77,4692,-28,82,65.8,1502.261,17,2988.451104,0,0,0,14
2010,1841,"Fauske",84.29,9552,15,177,66.5,1625.878,22,NA,63.6817,63.6817,47.2808,14
2010,1845,"Sorfold",192.04,1984,16,37,63.6,1711.852,28,11346.99528,268.8032,268.8032,220.7367,14
2010,1848,"Steigen",2475.41,2619,7,46,64.8,1711.846,27,13642.69804,845.3156,845.3156,625.3906,14
2010,1849,"Hamaroy",528.96,1752,1,26,65.2,1724.582,30,5084.572402,1.9124,1.9124,1.9124,14
2010,1850,"Tysfjord",465.3,2007,-10,57,58.7,1743.794,31,2010.012844,196.5494,196.5494,120.6078,14
2010,1851,"Lodingen",516.46,2181,1,40,62.5,1754.722,33,5648.846404,16724.122,9900.551,64.465,14
2010,1854,"Ballangen",260.93,2616,-12,31,60.2,1791.624,35,1642.739596,3.6089,3.6089,0.6595,14
2010,1859,"Flakstad",994.01,1369,-2,35,68.5,1680.052,25,3126.739442,6456.9623,6456.9623,2703.4234,14
2010,1860,"Vestvagoy",1685.01,10674,34,182,68,1703.182,26,NA,7755.6235,7149.178,563.1781,14
2010,1865,"Vagan",1608.35,9023,5,197,68.1,1720.912,29,14749.819321,27541.6018,18695.654,2315.4777,14
2010,1866,"Hadsel",617.87,7981,-2,136,65.9,1753.946,32,6293.965056,788.7272,366.0737,303.1255,14
2010,1867,"Bo",1579.07,2789,-13,61,59.5,1760.852,34,6814.383985,8744.0623,6917.8422,814.5363,14
2010,1868,"Oksnes",1495.68,4438,2,101,67,1803.767,38,9399.452988,16373.9894,15630.0396,3293.6204,14
2010,1870,"Sortland",371.13,9819,-2,193,68.5,1796.622,36,2313.204108,1628.4196,1156.7856,2.7217,14
2011,2004,"Hammerfest",2379.58,9912,14,168,72.2,2187.8,68,17770.586082,9831.6257,7050.6253,1185.1893,14
2011,2012,"Alta",708.22,19071,32,326,69.1,2142.243,66,15482.248776,146.3911,146.3911,146.3911,14
2011,2014,"Loppa",2119.69,1078,-3,21,62.2,2114.266,65,11108.665273,2695.7956,2030.0618,716.5781,14
2011,2017,"Kvalsund",299.43,998,-9,17,62.7,2196.698,69,6160.72919,0,0,0,14
2011,2019,"Nordkapp",3172.78,3224,-6,102,67.6,2302.882,72,1570.71983,20670.2623,12648.7288,4580.0971,14
2011,2022,"Lebesby",2269.84,1336,10,30,62.9,2339.808,73,3457.654572,4672.5153,4596.7474,2609.0379,14
2011,2027,"Nesseby",200.5,893,7,NA,64.9,2452.245,77,3830.330977,562.8267,562.8267,556.8708,14
2011,2030,"Sor-Varanger",1135.7,9826,-9,92,71.4,2587.5,81,6712.890034,652.05,652.05,642.8617,14
2011,1902,"Tromso",2767.33,68239,388,1001,71.8,1963.832,58,7492.644903,60187.7659,27365.1045,3460.5374,14
2011,1903,"Harstad",1075.25,NA,NA,NA,NA,1850.033,44,11338.141249,1047.1131,1047.1131,363.2828,14
2011,1911,"Kvaefjord",189.03,3050,-32,34,64.4,1806.774,39,5098.656142,186.5654,186.5654,142.3999,14
2011,1913,"Skanland",85.75,2896,28,39,64.1,1844.254,41,1491.20518,0.6385,0.6385,0.6385,14
2011,1917,"Ibestad",351.66,1419,-3,17,62.4,1875.689,45,10066.139798,1.9454,1.9454,1.9454,14
2011,1920,"Lavangen",22.93,1003,7,12,62.6,1896.465,49,3178.592511,0.165,0.165,0,14
2011,1923,"Salangen",63.61,2179,9,31,64.2,1900.846,51,793.292125,2.5723,2.5723,0,13
2011,1926,"Dyroy",181.21,1205,-6,24,63.1,1900.833,50,6959.738182,0,0,0,14
2011,1927,"Tranoy",414.56,1538,-9,15,60.7,1894.122,48,13098.526742,0,0,0,14
2011,1928,"Torsken",832.68,911,-3,13,63.3,1890.295,47,13293.875352,4749.9254,4106.1927,775.402,14
2011,1929,"Berg",836.66,907,6,26,69.1,1910.705,52,4338.387028,17344.3874,9129.8114,1521.1242,14
2011,1931,"Lenvik",702.95,11294,63,148,67,1925.114,54,7623.195257,3492.2569,3492.2569,1173.3945,14
2011,1936,"Karlsoy",4796.75,2357,-23,37,65.7,2036.172,59,8714.946023,8677.0082,8108.7521,1994.607,14
2011,1938,"Lyngen",487.07,3086,-21,37,66.3,2039.693,60,3275.433627,616.9603,616.9603,57.1845,14
2011,1940,"Kafjord",124.17,2185,1,54,61.9,2051.994,61,887.798704,3.3333,3.3333,3.3333,14
2011,1941,"Skjervoy",1088,2885,-15,60,64.4,2077.385,62,6788.638843,5642.1951,5205.4551,2070.5051,14
2011,1942,"Nordreisa",243.72,4805,-31,68,66.9,2083.479,63,1310.997923,275.0851,275.0851,251.6582,14
2011,1943,"Kvaenangen",573.01,1294,-8,20,61.1,2110.984,64,4573.893608,615.4608,615.4608,530.244,14
2011,1804,"Bodo",3431.45,47847,157,732,72.2,1625.878,22,NA,24242.9237,14185.4941,311.07,14
2011,1811,"Bindal",641.29,1592,-12,25,60.2,1333.778,1,10281.027497,159.3248,159.3248,152.274,14
2011,1812,"Somna",594.84,2025,-1,21,68.4,1341.503,2,452.490777,0.1215,0.1215,0.1215,14
2011,1813,"Bronnoy",1052.81,7719,23,122,68.3,1359.248,3,9803.385373,542.4367,542.4367,460.3404,14
2011,1815,"Vega",2756.44,1270,-9,19,68,1375.174,4,1422.228051,189.8769,189.8769,147.5514,14
2011,1816,"Vevelstad",122.2,520,-2,NA,68,1379.621,5,6772.829655,116.4606,116.4606,112.0473,14
2011,1818,"Heroy",2197.73,1649,7,53,65.3,1418.72,8,1852.133961,364.5998,364.5998,262.031,14
2011,1820,"Alstahaug",397.61,7296,32,153,66.9,1400.557,6,6866.194776,2.3208,2.3208,0.7658,14
2011,1824,"Vefsn",101.49,13307,-25,191,68,1409.307,7,935.479636,0,0,0,14
2011,1827,"Donna",567.37,1449,-5,30,66.9,1438.247,9,7451.240866,679.7231,679.7231,386.9895,14
2011,1828,"Nesna",219.63,1808,0,39,63,1455.901,12,4157.572973,7.6201,7.6201,3.8971,14
2011,1833,"Rana",128.29,25499,66,410,68.1,1502.259,15,3300.927639,145.769,145.769,2.109,14
2011,1834,"Luroy",1072.51,1912,4,23,68.2,1467.93,13,9249.450353,461.964,461.964,258.4259,14
2011,1835,"Traena",1777.3,490,-4,9,73.6,1468.945,14,2338.948047,22538.6882,12706.0382,1073.8049,14
2011,1836,"Rodoy",2391.77,1294,5,17,72.1,1502.26,16,11569.640765,1220.9549,1220.9549,882.5415,14
2011,1837,"Meloy",1872.46,6650,12,67,67.9,1505.621,18,7879.096262,1106.9712,1106.9712,706.5724,14
2011,1838,"Gildeskal",837.6,2020,-19,38,66.5,1509.91,19,7800.326442,23.7825,23.7825,19.2806,14
2011,1840,"Saltdal",29.77,4672,-1,98,64.8,1502.261,17,1025.250534,0,0,0,14
2011,1841,"Fauske",84.29,9533,-23,186,66.8,1625.878,22,4098.543187,63.7541,63.7541,52.4365,14
2011,1845,"Sorfold",192.04,1989,5,26,63.2,1711.852,28,8737.227504,451.3029,451.3029,197.4607,14
2011,1848,"Steigen",2475.41,2619,-14,58,64.7,1711.846,27,17432.137829,1389.4852,1389.4852,1028.3319,14
2011,1849,"Hamaroy",528.96,1771,-1,25,66.3,1724.582,30,2389.759032,0.7328,0.7328,0.7328,14
2011,1850,"Tysfjord",465.3,2002,-14,49,58.8,1743.794,31,8635.451305,528.4989,528.4989,278.5022,14
2011,1851,"Lodingen",516.46,2196,6,28,62.6,1754.722,33,4683.279347,21782.9054,9197.5464,310.5341,14
2011,1854,"Ballangen",260.93,2620,12,28,58.6,1791.624,35,1713.477315,2.0796,2.0796,0,14
2011,1859,"Flakstad",994.01,1360,8,29,67,1680.052,25,2994.134522,8635.4137,8635.4137,3291.356,14
2011,1860,"Vestvagoy",1685.01,10780,36,207,67.7,1703.182,26,NA,12260.7577,10155.784,2247.0512,14
2011,1865,"Vagan",1608.35,9023,0,187,68.6,1720.912,29,10164.431817,31914.7507,23674.353,5093.9972,14
2011,1866,"Hadsel",617.87,7924,3,130,66.2,1753.946,32,10901.430102,883.1478,761.9884,451.6886,14
2011,1867,"Bo",1579.07,2790,-42,58,58.4,1760.852,34,7366.07945,13284.6531,10076.6325,1805.679,14
2011,1868,"Oksnes",1495.68,4432,43,110,67.2,1803.767,38,10490.160932,19405.8674,17986.3726,4227.0074,14
2011,1870,"Sortland",371.13,9856,44,208,67.9,1796.622,36,5103.404981,1691.0207,1474.7285,2.1015,14
2012,2004,"Hammerfest",2379.58,9934,-1,137,73,2187.8,68,13083.963033,8427.063,5022.644,1011.3007,14
2012,2012,"Alta",708.22,19282,78,298,68.1,2142.243,66,21676.724956,316.3778,316.3778,309.9791,14
2012,2014,"Loppa",2119.69,1087,-4,20,62.6,2114.266,65,13600.656098,2029.2816,1270.5416,799.0649,14
2012,2017,"Kvalsund",299.43,1010,6,23,64.5,2196.698,69,10516.535076,0,0,0,14
2012,2018,"Masoy",2746.77,1243,4,40,61.2,2246.06,70,5544.681861,30457.7181,22167.3273,4130.4241,14
2012,2019,"Nordkapp",3172.78,3228,-15,89,64.6,2302.882,72,4501.978025,13614.7229,10678.0817,4190.7015,14
2012,2022,"Lebesby",2269.84,1356,4,38,64,2339.808,73,5603.964197,4185.1328,4163.999,2838.7387,14
2012,2027,"Nesseby",200.5,901,4,15,64.9,2452.245,77,8745.886839,444.8615,444.8615,432.0007,14
2012,2030,"Sor-Varanger",1135.7,9860,65,95,70.7,2587.5,81,4301.646547,534.4533,534.4533,502.2353,14
2012,1902,"Tromso",2767.33,69116,402,971,71.5,1963.832,58,8408.254808,46853.8555,24707.9274,5124.9556,14
2012,1903,"Harstad",1075.25,NA,NA,NA,67.2,1850.033,44,19610.350071,1475.9675,1475.9675,198.9888,14
2012,1911,"Kvaefjord",189.03,3025,3,33,62.5,1806.774,39,10608.201248,122.2752,122.2752,96.9756,14
2012,1913,"Skanland",85.75,2972,3,35,63,1844.254,41,2906.23256,0.7383,0.7383,0.7383,14
2012,1917,"Ibestad",351.66,1410,0,19,63.8,1875.689,45,10079.890597,0.9969,0.9969,0.72,14
2012,1920,"Lavangen",22.93,1016,-1,14,61.5,1896.465,49,971.832644,0,0,0,14
2012,1923,"Salangen",63.61,2214,-9,30,62,1900.846,51,3474.028943,3.354,3.354,0,13
2012,1926,"Dyroy",181.21,1188,0,19,60.8,1900.833,50,7816.728931,0,0,0,14
2012,1927,"Tranoy",414.56,1524,0,17,61.6,1894.122,48,12734.295398,0,0,0,14
2012,1928,"Torsken",832.68,892,-5,21,65.7,1890.295,47,9768.416684,6127.9113,4532.9148,1488.4884,14
2012,1929,"Berg",836.66,887,1,12,67.8,1910.705,52,4155.212161,19601.9225,11934.327,2169.7667,14
2012,1931,"Lenvik",702.95,11345,53,93,66.4,1925.114,54,5129.989853,3520.9486,3462.543,1154.2684,14
2012,1936,"Karlsoy",4796.75,2355,-28,26,64.9,2036.172,59,6849.693258,13308.9133,9319.1005,2849.196,14
2012,1938,"Lyngen",487.07,3028,-8,46,66.4,2039.693,60,1188.848548,902.5279,902.5279,60.0227,14
2012,1940,"Kafjord",124.17,2210,-4,47,62.2,2051.994,61,5254.781808,7.2137,7.2137,7.2137,14
2012,1941,"Skjervoy",1088,2880,1,63,63,2077.385,62,13440.351026,7630.3836,4901.322,2328.2122,14
2012,1942,"Nordreisa",243.72,4807,3,88,66.4,2083.479,63,7168.557045,430.7151,430.7151,383.8898,14
2012,1943,"Kvaenangen",573.01,1284,-1,24,61.2,2110.984,64,6166.199391,356.6899,356.6899,335.1739,14
2012,1804,"Bodo",3431.45,48422,156,651,71,1625.878,22,912.069024,10676.1318,5393.7158,495.2119,14
2012,1805,"Narvik",200.61,18473,-4,237,66,1848.003,43,3741.632545,5.8062,5.8062,2.2494,14
2012,1811,"Bindal",641.29,1562,3,17,61.3,1333.778,1,13044.111856,98.8417,98.8417,89.0774,14
2012,1812,"Somna",594.84,2038,-9,15,68.5,1341.503,2,480.238012,0.0491,0.0491,0.0491,14
2012,1813,"Bronnoy",1052.81,7778,11,88,68.4,1359.248,3,5475.600601,734.2796,734.2796,333.7388,14
2012,1815,"Vega",2756.44,1256,-4,18,66.1,1375.174,4,5335.186859,0.2928,0.2928,0.2928,14
2012,1816,"Vevelstad",122.2,511,-3,5,64.1,1379.621,5,3313.382939,60.472,60.472,56.6125,14
2012,1818,"Heroy",2197.73,1711,-3,38,63.9,1418.72,8,7448.047426,384.1046,384.1046,307.608,14
2012,1820,"Alstahaug",397.61,7372,-17,119,66.5,1400.557,6,7869.309279,0.484,0.484,0,14
2012,1822,"Leirfjord",130.95,2107,10,29,65.4,1441.841,10,1247.334467,12.09,12.09,0,14
2012,1824,"Vefsn",101.49,13258,14,149,68,1409.307,7,3265.592397,0,0,0,14
2012,1827,"Donna",567.37,1433,5,23,64.1,1438.247,9,3337.95917,532.8618,532.8618,267.6828,14
2012,1828,"Nesna",219.63,1813,3,25,62.4,1455.901,12,4900.823503,11.1386,11.1386,8.8886,14
2012,1833,"Rana",128.29,25652,41,290,66.8,1502.259,15,1885.255335,4.077,4.077,4.077,14
2012,1834,"Luroy",1072.51,1937,3,42,69.5,1467.93,13,9243.651922,498.3277,498.3277,257.6606,14
2012,1835,"Traena",1777.3,497,-3,8,73.3,1468.945,14,2563.013568,13405.9958,6968.6508,1687.0861,14
2012,1836,"Rodoy",2391.77,1320,-12,13,70.3,1502.26,16,24384.887056,1086.2645,1086.2645,702.9992,14
2012,1837,"Meloy",1872.46,6657,-17,124,64.9,1505.621,18,9561.202982,1260.3362,1260.3362,653.5807,14
2012,1838,"Gildeskal",837.6,2000,1,25,66,1509.91,19,12367.35435,216.0343,216.0343,82.0156,14
2012,1840,"Saltdal",29.77,4710,-3,94,64.5,1502.261,17,4258.574965,0.015,0.015,0.015,14
2012,1841,"Fauske",84.29,9513,-7,167,66.4,1625.878,22,1793.594806,39.8322,39.8322,27.9322,14
2012,1845,"Sorfold",192.04,2003,-6,39,62.4,1711.852,28,9169.924582,155.6319,155.6319,121.1574,14
2012,1848,"Steigen",2475.41,2609,-8,53,64.9,1711.846,27,16448.728412,1014.4447,1014.4447,748.7401,14
2012,1849,"Hamaroy",528.96,1783,5,17,64.8,1724.582,30,3862.092704,0.0978,0.0978,0.0978,14
2012,1850,"Tysfjord",465.3,1956,18,45,58.9,1743.794,31,12656.460563,430.6601,430.6601,152.9819,14
2012,1851,"Lodingen",516.46,2179,38,18,59.7,1754.722,33,8239.503566,24478.2219,14643.3749,1477.3501,14
2012,1854,"Ballangen",260.93,2616,3,33,58.7,1791.624,35,1386.647926,0,0,0,14
2012,1859,"Flakstad",994.01,1383,10,21,66.7,1680.052,25,3683.248774,9977.77,9962.5662,4578.3425,14
2012,1860,"Vestvagoy",1685.01,10848,-17,189,67.1,1703.182,26,4263.024405,9796.9505,9144.3343,2731.6143,14
2012,1865,"Vagan",1608.35,9086,61,152,67.1,1720.912,29,10619.006885,32080.6684,24575.6296,7349.6552,14
2012,1866,"Hadsel",617.87,7937,27,148,64.2,1753.946,32,5448.915687,829.9487,829.9487,410.3651,14
2012,1867,"Bo",1579.07,2720,-7,54,61,1760.852,34,7065.807854,14565.6668,11610.1466,2579.9142,14
2012,1868,"Oksnes",1495.68,4467,-1,97,65.6,1803.767,38,8524.384315,22465.6777,20307.0626,4450.5781,14
2012,1870,"Sortland",371.13,9983,13,210,66.9,1796.622,36,4988.663652,1.11,1.11,1.11,14
2013,2004,"Hammerfest",2379.58,10072,37,132,72.9,2187.8,68,17294.321146,7547.3656,5644.9645,808.9528,14
2013,2012,"Alta",708.22,19646,86,322,68,2142.243,66,21741.899001,13.9736,13.9736,13.9736,14
2013,2014,"Loppa",2119.69,1070,-8,30,59,2114.266,65,11047.063736,498.6596,350.4712,118.1904,14
2013,2017,"Kvalsund",299.43,1036,-1,24,59.4,2196.698,69,5203.841074,22,22,0,14
2013,2018,"Masoy",2746.77,1240,5,31,59.3,2246.06,70,3879.185738,34820.2564,20159.6012,4908.4188,14
2013,2019,"Nordkapp",3172.78,3205,-1,106,64.1,2302.882,72,4021.170019,13180.826,11227.6229,3682.757,14
2013,2022,"Lebesby",2269.84,1339,-10,34,61.5,2339.808,73,7408.071581,3861.5517,3679.8778,2529.8056,14
2013,2027,"Nesseby",200.5,882,5,11,67.8,2452.245,77,3947.129526,376.9284,376.9284,366.5256,14
2013,2030,"Sor-Varanger",1135.7,9968,46,107,71.1,2587.5,81,10840.4343,231.6212,231.6212,227.8711,14
2013,1902,"Tromso",2767.33,70358,460,884,71.9,1963.832,58,11727.0165,49214.001,27145.6404,5705.1722,14
2013,1903,"Harstad",1075.25,24291,18,277,67,1850.033,44,13308.862336,2033.8865,2033.8865,110.306,14
2013,1911,"Kvaefjord",189.03,3082,5,41,62.1,1806.774,39,5820.023285,4.1853,4.1853,4.1853,14
2013,1913,"Skanland",85.75,2940,-5,33,63,1844.254,41,5265.92605,0.549,0.549,0.549,14
2013,1917,"Ibestad",351.66,1421,0,8,62.7,1875.689,45,9190.96897,0.3375,0.3375,0,14
2013,1919,"Gratangen",61.93,1119,3,NA,63.5,1883.657,46,1303.40222,0.4384,0.4384,0.4384,13
2013,1920,"Lavangen",22.93,1012,-5,19,62.6,1896.465,49,4904.564752,0,0,0,14
2013,1923,"Salangen",63.61,2220,1,30,61.1,1900.846,51,6822.275782,1.974,1.974,0,13
2013,1926,"Dyroy",181.21,1190,-4,19,60.9,1900.833,50,6380.741451,0,0,0,14
2013,1927,"Tranoy",414.56,1514,11,15,61.5,1894.122,48,16636.37091,0,0,0,14
2013,1928,"Torsken",832.68,880,4,17,64.1,1890.295,47,8390.578843,6221.5239,5487.7815,1556.3331,14
2013,1929,"Berg",836.66,924,-8,23,65.8,1910.705,52,8481.81543,20888.0971,9824.174,1679.3725,14
2013,1931,"Lenvik",702.95,11455,1,101,66.4,1925.114,54,7241.371297,3131.4473,2934.0559,697.8325,14
2013,1936,"Karlsoy",4796.75,2317,18,24,65.6,2036.172,59,6822.924562,11294.8844,8694.096,2982.1596,14
2013,1938,"Lyngen",487.07,3013,-11,40,66.2,2039.693,60,4233.05406,788.4934,788.4934,119.3326,14
2013,1940,"Kafjord",124.17,2208,-2,40,61.9,2051.994,61,2954.21314,0.7385,0.7385,0.7385,14
2013,1941,"Skjervoy",1088,2905,-3,70,64.1,2077.385,62,11559.320543,5429.7642,2767.3732,1172.6603,14
2013,1942,"Nordreisa",243.72,4850,2,79,65.7,2083.479,63,6152.874653,674.8357,674.8357,604.0232,14
2013,1943,"Kvaenangen",573.01,1245,-17,14,62.9,2110.984,64,8685.861148,152.0577,152.0577,151.2823,14
2013,1804,"Bodo",3431.45,49203,186,718,71.1,1625.878,22,3519.859052,2881.0543,1979.0233,236.3669,14
2013,1805,"Narvik",200.61,18509,63,289,65.7,1848.003,43,308.305196,5.8293,5.8293,2.7643,14
2013,1811,"Bindal",641.29,1545,-15,18,59.1,1333.778,1,8523.019344,74.8181,74.8181,72.1501,14
2013,1812,"Somna",594.84,2033,2,20,67.7,1341.503,2,5440.795263,0,0,0,14
2013,1813,"Bronnoy",1052.81,7859,13,90,68.1,1359.248,3,14332.467716,79.9828,79.9828,32.4279,14
2013,1815,"Vega",2756.44,1238,-5,13,66.1,1375.174,4,3402.622929,182.3868,182.3868,146.7973,14
2013,1816,"Vevelstad",122.2,500,4,NA,67.1,1379.621,5,6977.795737,156.3024,156.3024,139.2013,14
2013,1818,"Heroy",2197.73,1759,-12,78,63.1,1418.72,8,7774.362509,377.5917,377.5917,280.8375,14
2013,1820,"Alstahaug",397.61,7361,47,131,66.7,1400.557,6,5035.320386,0.592,0.592,0.314,14
2013,1822,"Leirfjord",130.95,2144,2,24,66.1,1441.841,10,NA,10.8896,10.8896,0.1196,14
2013,1824,"Vefsn",101.49,13252,14,140,67.5,1409.307,7,1389.717339,0,0,0,14
2013,1827,"Donna",567.37,1431,-15,21,63.1,1438.247,9,8026.238081,654.974,654.974,339.1859,14
2013,1828,"Nesna",219.63,1875,23,27,60.9,1455.901,12,3652.797093,14.6198,14.6198,10.0323,14
2013,1833,"Rana",128.29,25752,27,252,66.4,1502.259,15,5255.162955,126.3578,126.3578,6.0458,14
2013,1834,"Luroy",1072.51,1916,8,26,67.5,1467.93,13,12541.029484,371.4782,371.4782,179.4251,14
2013,1835,"Traena",1777.3,506,-6,3,71.9,1468.945,14,1449.241021,13402.2908,6175.9918,823.4322,14
2013,1836,"Rodoy",2391.77,1310,0,17,70.3,1502.26,16,18218.903564,903.4805,903.4805,686.1781,14
2013,1837,"Meloy",1872.46,6582,-16,208,65.5,1505.621,18,4695.951202,682.5359,682.5359,239.8411,14
2013,1838,"Gildeskal",837.6,2006,3,61,65,1509.91,19,11640.384411,17.1155,17.003,14.9725,14
2013,1840,"Saltdal",29.77,4745,-13,92,64.3,1502.261,17,1331.181743,0.678,0.678,0.678,14
2013,1841,"Fauske",84.29,9513,-5,155,65.2,1625.878,22,1724.650592,35.7708,35.7708,23.6026,14
2013,1845,"Sorfold",192.04,1981,5,38,61.2,1711.852,28,12402.546786,57.6409,57.6409,40.7805,14
2013,1848,"Steigen",2475.41,2552,-15,26,64.2,1711.846,27,14714.675488,827.9565,827.9565,553.296,14
2013,1849,"Hamaroy",528.96,1791,-1,24,64.5,1724.582,30,3499.569987,0.615,0.615,0.615,14
2013,1850,"Tysfjord",465.3,1978,-7,53,59,1743.794,31,17433.390171,300.2018,300.2018,187.7814,14
2013,1851,"Lodingen",516.46,2220,5,28,59.8,1754.722,33,3788.311045,20006.472,9032.083,158.432,14
2013,1854,"Ballangen",260.93,2599,-7,35,59,1791.624,35,4552.448536,0,0,0,14
2013,1859,"Flakstad",994.01,1376,5,28,63.4,1680.052,25,1113.827834,11213.2257,11213.2257,4872.106,14
2013,1860,"Vestvagoy",1685.01,10870,12,189,67,1703.182,26,4139.547481,15086.058,14346.1833,3830.2854,14
2013,1865,"Vagan",1608.35,9207,-6,174,67.3,1720.912,29,4771.884996,18990.4161,16325.8151,5862.663,14
2013,1866,"Hadsel",617.87,8050,-22,161,64.6,1753.946,32,15554.617067,2201.4102,1364.0718,636.8367,14
2013,1867,"Bo",1579.07,2654,5,43,59.8,1760.852,34,5497.341495,4332.2728,4332.2728,2067.7002,14
2013,1868,"Oksnes",1495.68,4472,23,92,64.6,1803.767,38,9114.314722,28093.5146,26474.7729,5758.9651,14
2013,1870,"Sortland",371.13,10082,-2,202,67.2,1796.622,36,4564.335384,2263.4421,2263.4421,725.9605,14
2014,2004,"Hammerfest",2379.58,10287,12,171,72.2,2187.8,68,10772.285312,5589.6016,3790.4584,572.0794,14
2014,2012,"Alta",708.22,19822,22,306,68.3,2142.243,66,21670.551886,9.6623,9.6623,8.8823,14
2014,2014,"Loppa",2119.69,1027,-13,24,60.4,2114.266,65,9887.530108,0.3455,0.3455,0.3455,14
2014,2017,"Kvalsund",299.43,1051,-6,25,58.7,2196.698,69,11691.685968,0,0,0,14
2014,2018,"Masoy",2746.77,1241,4,38,60.1,2246.06,70,13252.422308,38833.4443,24515.8764,8559.0988,14
2014,2019,"Nordkapp",3172.78,3213,17,88,63.5,2302.882,72,4006.069776,17688.7847,15077.5166,5587.996,14
2014,2022,"Lebesby",2269.84,1341,-4,37,61.7,2339.808,73,11503.761302,3927.5996,3859.1386,2719.9082,14
2014,2027,"Nesseby",200.5,919,-5,16,64.7,2452.245,77,1613.815465,495.2187,495.2187,471.9491,14
2014,2030,"Sor-Varanger",1135.7,10090,39,172,70,2587.5,81,6222.480997,317.945,317.945,221.7839,14
2014,1902,"Tromso",2767.33,71590,476,871,71.1,1963.832,58,11060.076524,48910.7529,28577.6591,9474.294,14
2014,1903,"Harstad",1075.25,24441,84,325,66.9,1850.033,44,18799.489259,1137.2222,1111.1618,111.3815,14
2014,1911,"Kvaefjord",189.03,3107,-8,42,61.7,1806.774,39,6145.634622,28.7583,28.7583,25.838,14
2014,1913,"Skanland",85.75,2951,-17,41,64.3,1844.254,41,3635.994656,0.8705,0.8705,0.8705,14
2014,1917,"Ibestad",351.66,1436,-16,9,64,1875.689,45,15865.70632,0.8055,0.8055,0.27,14
2014,1919,"Gratangen",61.93,1135,5,14,62.5,1883.657,46,1664.713098,0.3308,0.3308,0.3308,13
2014,1920,"Lavangen",22.93,1014,-10,17,64.4,1896.465,49,205.847029,0,0,0,14
2014,1923,"Salangen",63.61,2223,16,23,61.7,1900.846,51,5488.051908,0,0,0,13
2014,1926,"Dyroy",181.21,1171,-2,18,58.5,1900.833,50,14654.099753,0,0,0,14
2014,1927,"Tranoy",414.56,1510,23,17,61.6,1894.122,48,10861.322151,0,0,0,14
2014,1928,"Torsken",832.68,878,13,22,62.1,1890.295,47,16787.444844,6313.1575,4985.0516,1476.5025,14
2014,1929,"Berg",836.66,918,1,26,66.4,1910.705,52,1673.129041,26642.9082,16011.471,3873.7411,14
2014,1931,"Lenvik",702.95,11557,0,104,65.9,1925.114,54,8145.712187,4356.6206,4158.338,1867.4045,14
2014,1936,"Karlsoy",4796.75,2334,-2,33,64.2,2036.172,59,12658.95598,14738.0617,12577.4571,5488.463,14
2014,1938,"Lyngen",487.07,2992,5,33,65.2,2039.693,60,1117.893985,496.5471,496.5471,59.3856,14
2014,1940,"Kafjord",124.17,2221,-17,41,63.7,2051.994,61,1068.254918,122.1118,122.1118,120.3512,14
2014,1941,"Skjervoy",1088,2881,-9,72,63.6,2077.385,62,11900.19455,3330.1658,1854.7936,923.8218,14
2014,1942,"Nordreisa",243.72,4854,17,75,68.4,2083.479,63,2600.90094,321.7371,321.7371,292.6271,14
2014,1943,"Kvaenangen",573.01,1234,-8,18,60.6,2110.984,64,18028.502448,172.3151,172.3151,159.4584,14
2014,1804,"Bodo",3431.45,49731,155,695,71.1,1625.878,22,1306.780987,1379.7514,1379.7514,909.9283,14
2014,1805,"Narvik",200.61,18705,11,314,65.7,1848.003,43,1846.597281,2.5957,2.5957,0.0867,14
2014,1811,"Bindal",641.29,1503,-11,24,59.9,1333.778,1,11077.227009,98.7438,98.7438,90.7439,14
2014,1812,"Somna",594.84,2047,15,20,68.2,1341.503,2,1834.54575,0.18,0.18,0.18,14
2014,1813,"Bronnoy",1052.81,7897,17,138,68.8,1359.248,3,7545.11599,307.8876,307.8876,225.972,14
2014,1815,"Vega",2756.44,1223,-5,18,67.5,1375.174,4,6543.59506,149.477,149.477,132.5609,14
2014,1816,"Vevelstad",122.2,495,2,NA,64.5,1379.621,5,3974.87531,0.1938,0.1938,0.1938,14
2014,1818,"Heroy",2197.73,1733,12,86,63.6,1418.72,8,8904.930968,247.2866,247.2866,177.4787,14
2014,1820,"Alstahaug",397.61,7394,19,117,65,1400.557,6,7133.173703,0,0,0,14
2014,1824,"Vefsn",101.49,13286,22,185,67.9,1409.307,7,2689.282299,0.15,0.15,0.15,14
2014,1827,"Donna",567.37,1420,-3,22,63.3,1438.247,9,4682.794409,652.3838,652.3838,370.2026,14
2014,1828,"Nesna",219.63,1902,-4,26,62.7,1455.901,12,3572.759036,27.307,27.307,22.8205,14
2014,1833,"Rana",128.29,25943,50,333,66.8,1502.259,15,1472.815242,155.4664,155.4664,4.062,14
2014,1834,"Luroy",1072.51,1901,10,44,68.2,1467.93,13,9180.472869,292.1703,292.1703,162.3571,14
2014,1835,"Traena",1777.3,489,3,8,67.5,1468.945,14,2703.367972,8136.4626,2966.6816,586.4127,14
2014,1836,"Rodoy",2391.77,1305,-9,15,68.2,1502.26,16,25627.413763,937.7021,937.7021,648.9198,14
2014,1837,"Meloy",1872.46,6491,-27,146,65.2,1505.621,18,12091.134997,671.2805,671.2805,292.3343,14
2014,1838,"Gildeskal",837.6,2023,17,32,64.1,1509.91,19,16813.986453,144.2431,144.2431,32.7239,14
2014,1840,"Saltdal",29.77,4690,13,92,64.3,1502.261,17,958.565507,0,0,0,14
2014,1841,"Fauske",84.29,9556,4,161,65.8,1625.878,22,1803.549195,39.7521,39.7521,29.1158,14
2014,1845,"Sorfold",192.04,1987,-4,39,60.5,1711.852,28,12386.482827,65.9588,65.9588,31.6323,14
2014,1848,"Steigen",2475.41,2579,-17,40,62.2,1711.846,27,22485.096573,657.1864,657.1864,496.3543,14
2014,1849,"Hamaroy",528.96,1820,-16,22,65.3,1724.582,30,2558.141786,0.3083,0.3083,0.3083,14
2014,1850,"Tysfjord",465.3,2000,9,40,60,1743.794,31,19608.758458,345.2141,345.2141,156.6535,14
2014,1851,"Lodingen",516.46,2248,-18,31,60.9,1754.722,33,5510.65706,21512.373,10659.585,0,14
2014,1854,"Ballangen",260.93,2591,-8,37,56.2,1791.624,35,4577.458963,0,0,0,14
2014,1859,"Flakstad",994.01,1368,-17,23,64.3,1680.052,25,2641.325291,14559.633,14559.633,6980.1609,14
2014,1860,"Vestvagoy",1685.01,10997,41,204,67.4,1703.182,26,1192.253771,14324.8509,13798.4885,4045.0611,14
2014,1865,"Vagan",1608.35,9223,-5,151,67.8,1720.912,29,7113.314657,18727.3232,17180.4108,9071.5292,14
2014,1866,"Hadsel",617.87,8112,3,159,64.7,1753.946,32,12488.698437,2505.178,1157.4651,348.7195,14
2014,1867,"Bo",1579.07,2642,0,64,57.9,1760.852,34,2327.203308,4591.1914,4591.1914,2972.5398,14
2014,1868,"Oksnes",1495.68,4562,26,130,63.5,1803.767,38,7496.743307,33716.716,30818.8775,9539.7597,14
2014,1870,"Sortland",371.13,10129,8,197,66.5,1796.622,36,7159.376,1452.981,1452.981,483.194,14
2015,2004,"Hammerfest",2379.58,10417,-24,175,69.7,2187.8,68,15770.201343,3961.0817,2452.9458,474.1612,14
2015,2012,"Alta",708.22,19898,84,229,65.8,2142.243,66,24729.517729,38.8499,38.8499,29.7974,14
2015,2014,"Loppa",2119.69,989,-9,NA,61.2,2114.266,65,11376.774749,0,0,0,14
2015,2015,"Hasvik",2212.36,1041,15,45,58.1,2145.45,67,5256.382458,17708.1442,13448.7562,5541.1812,14
2015,2017,"Kvalsund",299.43,1049,-5,17,58.3,2196.698,69,918.265366999999,0,0,0,14
2015,2018,"Masoy",2746.77,1241,-2,33,58.1,2246.06,70,1277.780113,31013.5498,18451.2914,7357.2607,14
2015,2019,"Nordkapp",3172.78,3278,9,61,62.6,2302.882,72,3862.343789,18384.1592,10747.7932,3868.0644,14
2015,2022,"Lebesby",2269.84,1343,-5,31,60,2339.808,73,6333.916383,3549.0349,3458.8263,2237.8516,14
2015,2027,"Nesseby",200.5,934,-1,14,59.8,2452.245,77,3170.553708,611.1042,611.1042,552.123,14
2015,2030,"Sor-Varanger",1135.7,10221,-16,153,65.1,2587.5,81,2258.143975,280.059,280.059,238.267,14
2015,1902,"Tromso",2767.33,72681,306,814,70.4,1963.832,58,13912.731627,34170.8704,20742.4021,6425.3463,14
2015,1903,"Harstad",1075.25,24676,-18,289,65.4,1850.033,44,21540.669003,2055.8209,1232.5032,231.8755,14
2015,1911,"Kvaefjord",189.03,3076,-35,34,61.2,1806.774,39,9591.426144,169.9668,169.9668,137.8868,14
2015,1913,"Skanland",85.75,2988,0,32,61,1844.254,41,11295.940477,0.3355,0.3355,0.3355,14
2015,1917,"Ibestad",351.66,1410,8,14,60.7,1875.689,45,9546.823164,0.6888,0.6888,0.498,14
2015,1919,"Gratangen",61.93,1137,-8,9,60.9,1883.657,46,3584.969753,0.2123,0.2123,0.2123,13
2015,1920,"Lavangen",22.93,1008,12,NA,60.4,1896.465,49,1710.438229,0,0,0,14
2015,1923,"Salangen",63.61,2219,15,28,59.3,1900.846,51,5719.122623,0.469,0.469,0,13
2015,1926,"Dyroy",181.21,1154,-9,16,59.1,1900.833,50,5049.261727,0,0,0,14
2015,1927,"Tranoy",414.56,1544,4,11,62,1894.122,48,13688.397471,0,0,0,14
2015,1928,"Torsken",832.68,884,2,20,57.4,1890.295,47,3861.498687,5397.903,4132.5354,832.1447,14
2015,1929,"Berg",836.66,905,-1,NA,64,1910.705,52,14063.058037,20169.3855,11984.6294,2681.0265,14
2015,1931,"Lenvik",702.95,11535,16,93,65.2,1925.114,54,23825.092098,3870.323,3602.9178,1214.9815,14
2015,1936,"Karlsoy",4796.75,2289,-19,23,63.3,2036.172,59,12074.29974,16598.8401,12943.2907,4874.2825,14
2015,1938,"Lyngen",487.07,2922,-14,38,62.3,2039.693,60,2709.209792,388.6885,388.2975,56.3784,14
2015,1940,"Kafjord",124.17,2182,-3,30,62.6,2051.994,61,3988.041962,200.867,200.867,192.7035,14
2015,1941,"Skjervoy",1088,2895,-8,35,63,2077.385,62,6757.609083,6015.6273,2229.1521,937.9638,14
2015,1942,"Nordreisa",243.72,4882,14,72,62.8,2083.479,63,10023.091407,211.795,211.795,182.4523,14
2015,1943,"Kvaenangen",573.01,1226,2,NA,60.1,2110.984,64,2906.603652,345.1761,345.1761,300.299,14
2015,1804,"Bodo",3431.45,50185,69,597,68.9,1625.878,22,4676.24941,1619.6486,699.1456,181.8764,14
2015,1805,"Narvik",200.61,18853,-48,254,63.6,1848.003,43,3264.841836,5.011,5.011,2.569,14
2015,1811,"Bindal",641.29,1482,-3,NA,60.2,1333.778,1,15467.383728,85.7883,85.7883,80.3174,14
2015,1813,"Bronnoy",1052.81,7934,14,129,65.5,1359.248,3,17987.346246,317.0469,317.0469,177.8584,14
2015,1815,"Vega",2756.44,1225,6,16,62.5,1375.174,4,2191.715575,191.9702,191.9702,168.4892,14
2015,1816,"Vevelstad",122.2,510,2,NA,63.4,1379.621,5,6882.954904,0,0,0,14
2015,1818,"Heroy",2197.73,1737,-4,19,60.8,1418.72,8,9011.78061,203.3852,203.3852,169.6896,14
2015,1820,"Alstahaug",397.61,7454,18,97,63.1,1400.557,6,5815.578458,0,0,0,14
2015,1822,"Leirfjord",130.95,2188,0,26,62.7,1441.841,10,88.218569,12.25,12.25,0,14
2015,1824,"Vefsn",101.49,13352,23,168,66.4,1409.307,7,1784.53158,0.0675,0.0675,0.0675,14
2015,1827,"Donna",567.37,1407,-7,8,61.9,1438.247,9,11708.101356,474.4753,474.4753,288.74,14
2015,1828,"Nesna",219.63,1871,-8,22,60.1,1455.901,12,5088.54252,25.5062,25.5062,24.9203,14
2015,1833,"Rana",128.29,26078,-15,293,65.1,1502.259,15,3835.988836,0.976,0.976,0.976,14
2015,1834,"Luroy",1072.51,1917,-1,19,67.8,1467.93,13,11060.563253,312.141,312.073,180.7655,14
2015,1835,"Traena",1777.3,486,2,8,70.8,1468.945,14,1456.412123,9009.7855,2340.0625,458.9887,14
2015,1836,"Rodoy",2391.77,1269,8,9,66,1502.26,16,23630.281838,774.3977,774.3977,488.9636,14
2015,1837,"Meloy",1872.46,6454,6,87,64.6,1505.621,18,10101.387261,619.5177,619.5177,368.1225,14
2015,1838,"Gildeskal",837.6,2014,-8,14,62.7,1509.91,19,18247.356309,333.8362,249.8212,98.5597,14
2015,1840,"Saltdal",29.77,4734,-21,70,63.1,1502.261,17,4560.026337,0.07,0.07,0,14
2015,1841,"Fauske",84.29,9622,-10,134,64.1,1625.878,22,1562.955413,17.8589,17.8589,13.2249,14
2015,1845,"Sorfold",192.04,1953,-4,21,62,1711.852,28,10743.498343,70.0944,70.0944,27.6389,14
2015,1848,"Steigen",2475.41,2507,-11,28,62.8,1711.846,27,18058.3319,691.4089,691.4089,406.0934,14
2015,1849,"Hamaroy",528.96,1811,-11,26,62.4,1724.582,30,958.85655,0,0,0,14
2015,1850,"Tysfjord",465.3,1996,0,23,57.7,1743.794,31,18262.004096,85.8221,85.8221,72.5092,14
2015,1851,"Lodingen",516.46,2160,-3,21,59.3,1754.722,33,6695.620456,18577.9375,7127.7905,45.0776,14
2015,1854,"Ballangen",260.93,2581,-7,30,55.7,1791.624,35,2120.746001,0,0,0,14
2015,1860,"Vestvagoy",1685.01,11140,12,195,64.1,1703.182,26,NA,14554.4109,13976.5919,3548.8856,14
2015,1865,"Vagan",1608.35,9285,34,99,65.8,1720.912,29,NA,20923.5588,19899.4402,11609.4771,14
2015,1866,"Hadsel",617.87,8057,12,129,61.2,1753.946,32,7800.060707,2150.7805,1177.2438,98.3196,14
2015,1867,"Bo",1579.07,2642,4,56,55.2,1760.852,34,5648.764667,3583.649,3311.491,1865.0998,14
2015,1868,"Oksnes",1495.68,4563,-7,129,60.9,1803.767,38,6520.647005,30009.7565,26438.2575,7400.2208,14
2015,1870,"Sortland",371.13,10166,50,172,65.3,1796.622,36,7971.764233,1018.6305,1018.6305,285.3085,14
2015,1874,"Moskenes",1473.84,1070,-2,27,65.1,1651.719,24,477.79166,8034.2224,6572.4687,1606.5463,14
2016,2004,"Hammerfest",2379.58,10455,39,191,69.9,2187.8,68,15690.328341,4887.1883,3266.9188,308.0393,14
2016,2012,"Alta",708.22,20097,98,196,66.5,2142.243,66,26874.818369,27.014,27.014,23.1527,14
2016,2014,"Loppa",2119.69,951,16,9,60.1,2114.266,65,1755.554043,64.6618,64.6618,22.9768,14
2016,2015,"Hasvik",2212.36,1054,-5,45,58.9,2145.45,67,3326.01865,22301.2975,13564.4067,5100.34,14
2016,2017,"Kvalsund",299.43,1035,5,18,59.8,2196.698,69,5621.656376,0,0,0,14
2016,2018,"Masoy",2746.77,1215,-3,38,57.1,2246.06,70,7155.219101,30215.6165,15531.8983,5982.6036,14
2016,2019,"Nordkapp",3172.78,3276,3,67,62.2,2302.882,72,4847.358964,13367.4768,11090.6273,4731.2617,14
2016,2022,"Lebesby",2269.84,1318,5,29,58.2,2339.808,73,13187.755056,3379.1851,3223.729,2164.7288,14
2016,2027,"Nesseby",200.5,959,-6,14,57.6,2452.245,77,5661.952868,271.2921,271.2921,268.7199,14
2016,2030,"Sor-Varanger",1135.7,10227,-16,188,66.6,2587.5,81,2142.776713,440.9803,440.9803,393.7632,14
2016,1902,"Tromso",2767.33,73480,296,760,70.7,1963.832,58,17424.863817,34786.0904,24849.6365,7304.5911,14
2016,1903,"Harstad",1075.25,24695,47,294,65.4,1850.033,44,17325.681362,1706.2248,1228.423,186.9884,14
2016,1911,"Kvaefjord",189.03,3029,-3,31,61.6,1806.774,39,7459.150973,158.0057,158.0057,97.0695,14
2016,1913,"Skanland",85.75,3041,9,53,61.1,1844.254,41,3926.087421,0,0,0,14
2016,1917,"Ibestad",351.66,1403,-1,10,59.1,1875.689,45,13589.719928,0.3825,0.3825,0,14
2016,1919,"Gratangen",61.93,1137,-14,13,60.6,1883.657,46,4176.625472,0,0,0,13
2016,1920,"Lavangen",22.93,1051,7,13,58.8,1896.465,49,4741.566809,0,0,0,14
2016,1923,"Salangen",63.61,2230,-17,21,60.8,1900.846,51,671.565394,0,0,0,13
2016,1926,"Dyroy",181.21,1158,-4,17,59.1,1900.833,50,17191.127883,0,0,0,14
2016,1927,"Tranoy",414.56,1543,-3,18,62.1,1894.122,48,18274.447386,0,0,0,14
2016,1928,"Torsken",832.68,913,1,12,58.9,1890.295,47,9876.520029,5345.9129,4434.6514,788.6859,14
2016,1929,"Berg",836.66,915,0,10,65.3,1910.705,52,6650.728897,20378.4858,13461.7865,2121.8374,14
2016,1931,"Lenvik",702.95,11618,-15,125,65,1925.114,54,9105.622742,3734.6562,3518.2494,1081.8299,14
2016,1936,"Karlsoy",4796.75,2282,1,38,62.1,2036.172,59,9271.767186,13398.4092,9645.5927,3332.621,14
2016,1938,"Lyngen",487.07,2861,13,32,61.7,2039.693,60,1054.673723,384.7462,384.7462,56.3792,14
2016,1940,"Kafjord",124.17,2150,-8,31,62.6,2051.994,61,1651.429673,130.4095,130.4095,125.003,14
2016,1941,"Skjervoy",1088,2920,-16,34,63.1,2077.385,62,19530.713428,4121.2523,2087.63,923.8372,14
2016,1942,"Nordreisa",243.72,4895,-5,60,62.7,2083.479,63,722.076194,194.0304,194.0304,180.1146,14
2016,1943,"Kvaenangen",573.01,1231,2,13,59.8,2110.984,64,10459.894701,339.0626,339.0626,302.7643,14
2016,1804,"Bodo",3431.45,50488,80,488,69.2,1625.878,22,6366.959747,523.6387,523.6387,286.8067,14
2016,1805,"Narvik",200.61,18787,-27,245,63.6,1848.003,43,416.946021,1.836,1.836,0,14
2016,1811,"Bindal",641.29,1465,10,13,60.8,1333.778,1,18479.737627,111.2793,111.2793,96.3367,14
2016,1812,"Somna",594.84,2031,3,17,65.8,1341.503,2,664.515414,0,0,0,14
2016,1813,"Bronnoy",1052.81,7962,-32,141,65.5,1359.248,3,10156.519455,411.1861,411.1861,293.4188,14
2016,1815,"Vega",2756.44,1244,2,11,62.3,1375.174,4,5952.267679,187.8922,187.8922,152.8011,14
2016,1816,"Vevelstad",122.2,507,-1,NA,60.7,1379.621,5,4584.052021,0,0,0,14
2016,1818,"Heroy",2197.73,1743,16,22,62.3,1418.72,8,12404.904322,265.7307,265.7307,219.3892,14
2016,1820,"Alstahaug",397.61,7437,9,82,64.5,1400.557,6,8742.321288,0,0,0,14
2016,1822,"Leirfjord",130.95,2216,-10,31,63.6,1441.841,10,3696.745341,13.2,13.2,0,14
2016,1824,"Vefsn",101.49,13427,-28,112,66.3,1409.307,7,2364.836695,0,0,0,14
2016,1827,"Donna",567.37,1402,9,5,62.5,1438.247,9,11446.670452,368.328,368.328,297.4974,14
2016,1828,"Nesna",219.63,1838,0,11,62.3,1455.901,12,2476.427174,5.3286,5.3286,1.2663,14
2016,1833,"Rana",128.29,26039,39,285,65.5,1502.259,15,2871.541914,0.1037,0.1037,0,14
2016,1834,"Luroy",1072.51,1923,18,38,64.5,1467.93,13,12133.26575,251.5749,251.5149,159.4369,14
2016,1835,"Traena",1777.3,478,-7,9,66,1468.945,14,2531.493804,8167.2144,2215.8764,645.4112,14
2016,1836,"Rodoy",2391.77,1268,-8,NA,66,1502.26,16,9554.862769,713.2439,713.2439,417.3002,14
2016,1837,"Meloy",1872.46,6471,-15,86,64.2,1505.621,18,13718.700027,600.3729,600.3729,401.3908,14
2016,1838,"Gildeskal",837.6,2043,-4,17,62.2,1509.91,19,15284.145419,93.3592,93.3592,38.7656,14
2016,1840,"Saltdal",29.77,4700,-8,58,63.7,1502.261,17,4691.80958,0.2648,0.2648,0,14
2016,1841,"Fauske",84.29,9604,14,94,64.6,1625.878,22,1986.211462,0,0,0,14
2016,1845,"Sorfold",192.04,1963,-7,24,62.8,1711.852,28,7700.553554,66.6564,66.6564,24.6357,14
2016,1848,"Steigen",2475.41,2543,2,26,62.9,1711.846,27,18608.615291,687.6789,687.6789,460.3337,14
2016,1849,"Hamaroy",528.96,1824,7,46,63.8,1724.582,30,5379.646794,0,0,0,14
2016,1850,"Tysfjord",465.3,1974,-2,25,57,1743.794,31,15399.565426,117.3934,117.3934,111.8959,14
2016,1851,"Lodingen",516.46,2144,-16,33,60.1,1754.722,33,6548.3441,15941.7636,6815.2336,375.3226,14
2016,1854,"Ballangen",260.93,2556,-8,25,55.5,1791.624,35,6550.89601,0,0,0,14
2016,1859,"Flakstad",994.01,1336,20,37,64.8,1680.052,25,1498.282052,10696.1431,10696.1431,4016.4186,14
2016,1860,"Vestvagoy",1685.01,11198,-12,203,65.2,1703.182,26,1808.757632,11266.4411,10689.5014,2717.9729,14
2016,1865,"Vagan",1608.35,9350,7,116,65.6,1720.912,29,4952.483417,18978.575,17939.6921,8496.6898,14
2016,1866,"Hadsel",617.87,8082,-24,85,61.9,1753.946,32,11543.648395,2414.9954,856.9706,130.0726,14
2016,1867,"Bo",1579.07,2632,-15,47,56.7,1760.852,34,3836.784777,3520.2056,3262.0034,1889.5251,14
2016,1868,"Oksnes",1495.68,4529,27,106,61.5,1803.767,38,8236.212294,29313.8358,25595.5899,8523.0368,14
2016,1870,"Sortland",371.13,10214,69,166,64.5,1796.622,36,4518.406572,251.533,251.533,0.387,14
2017,2004,"Hammerfest",2379.58,10527,55,162,70.3,2187.8,68,15328.573511,6555.1556,4544.1726,498.6413,14
2017,2012,"Alta",708.22,20446,60,190,67.1,2142.243,66,19968.982645,43.9571,43.9571,39.9527,14
2017,2014,"Loppa",2119.69,968,-26,11,60,2114.266,65,18562.128838,1395.4877,1327.3927,796.3958,14
2017,2015,"Hasvik",2212.36,1037,-7,51,57.3,2145.45,67,3082.923567,18980.5945,12487.169,6066.8932,14
2017,2017,"Kvalsund",299.43,1027,7,21,58.5,2196.698,69,8966.647877,0,0,0,14
2017,2018,"Masoy",2746.77,1204,21,22,59.8,2246.06,70,12002.508783,30524.3866,17252.8573,5243.2374,14
2017,2019,"Nordkapp",3172.78,3291,-16,62,63.5,2302.882,72,6635.187029,18506.5334,12500.4672,4657.8687,14
2017,2022,"Lebesby",2269.84,1330,15,17,60.5,2339.808,73,8458.31265,3320.2438,3290.1818,1865.9806,14
2017,2027,"Nesseby",200.5,951,2,11,58,2452.245,77,9807.316223,598.7989,597.2001,582.0331,14
2017,2028,"Batsfjord",1379.46,2267,6,40,64.6,2476.448,78,3304.081298,17331.2127,9619.7595,2926.6612,14
2017,2030,"Sor-Varanger",1135.7,10199,-11,136,66.1,2587.5,81,NA,623.6588,623.6588,599.6259,14
2017,1902,"Tromso",2767.33,74541,499,609,71.1,1963.832,58,18023.708898,34666.4438,23954.1409,4987.1217,14
2017,1903,"Harstad",1075.25,24845,9,212,66,1850.033,44,29901.106657,1882.3199,704.3805,274.9115,14
2017,1911,"Kvaefjord",189.03,2986,-9,25,62.1,1806.774,39,4151.72005,77.4026,77.4026,33.0222,14
2017,1913,"Skanland",85.75,3048,-2,28,60.8,1844.254,41,12531.227105,0,0,0,14
2017,1917,"Ibestad",351.66,1394,9,26,58.4,1875.689,45,15299.263857,0.2579,0.2579,0,14
2017,1919,"Gratangen",61.93,1121,10,16,61,1883.657,46,3216.945127,0,0,0,13
2017,1920,"Lavangen",22.93,1076,4,12,59.3,1896.465,49,5568.834216,0,0,0,14
2017,1923,"Salangen",63.61,2220,21,15,61.4,1900.846,51,1042.008226,0,0,0,13
2017,1926,"Dyroy",181.21,1138,3,15,56.5,1900.833,50,6600.940513,0,0,0,14
2017,1927,"Tranoy",414.56,1540,4,10,61.5,1894.122,48,5143.142119,0,0,0,14
2017,1928,"Torsken",832.68,921,2,19,59.3,1890.295,47,13136.901136,4185.4325,3703.267,604.5924,14
2017,1929,"Berg",836.66,914,-11,NA,67.6,1910.705,52,16681.766203,26215.3489,14848.2999,1743.2912,14
2017,1931,"Lenvik",702.95,11697,26,95,66,1925.114,54,12842.148979,4678.5651,4387.533,1128.9821,14
2017,1936,"Karlsoy",4796.75,2273,6,22,62.5,2036.172,59,19673.158398,12573.8942,7445.978,2876.993,14
2017,1938,"Lyngen",487.07,2876,0,23,62.6,2039.693,60,4712.700525,379.8928,379.8928,9.2478,14
2017,1940,"Kafjord",124.17,2132,9,30,63,2051.994,61,2625.382134,133.2153,133.2153,127.4255,14
2017,1941,"Skjervoy",1088,2912,-9,29,65.1,2077.385,62,14979.700646,7821.5598,3987.0046,2066.3806,14
2017,1942,"Nordreisa",243.72,4919,0,58,62.7,2083.479,63,2593.190888,209.0182,209.0182,192.1298,14
2017,1943,"Kvaenangen",573.01,1233,4,13,60.9,2110.984,64,9692.142276,229.8803,229.8803,225.7526,14
2017,1804,"Bodo",3431.45,51022,101,396,69.8,1625.878,22,11617.948237,3403.4191,1883.5411,327.286,14
2017,1811,"Bindal",641.29,1473,3,10,61.6,1333.778,1,24436.006931,114.1829,114.1829,99.0715,14
2017,1812,"Somna",594.84,2047,3,11,64.6,1341.503,2,3967.874164,0,0,0,14
2017,1813,"Bronnoy",1052.81,7956,-6,77,65.3,1359.248,3,12554.246763,301.6343,301.6343,200.275,14
2017,1815,"Vega",2756.44,1234,-5,5,64.2,1375.174,4,3407.408171,142.8671,142.8671,118.5296,14
2017,1816,"Vevelstad",122.2,528,-5,3,61.6,1379.621,5,3862.184978,0,0,0,14
2017,1818,"Heroy",2197.73,1788,-6,23,62,1418.72,8,13865.990856,179.6752,179.6752,148.4033,14
2017,1820,"Alstahaug",397.61,7428,16,88,63.6,1400.557,6,2548.072571,0,0,0,14
2017,1822,"Leirfjord",130.95,2278,-1,25,63.7,1441.841,10,1185.792715,13.365,13.365,0,14
2017,1824,"Vefsn",101.49,13465,19,67,66.7,1409.307,7,2477.28239,0,0,0,14
2017,1827,"Donna",567.37,1410,-13,10,62.9,1438.247,9,15062.580784,601.6462,601.6462,341.5743,14
2017,1828,"Nesna",219.63,1837,23,18,63,1455.901,12,2099.367216,6.0016,6.0016,0,14
2017,1833,"Rana",128.29,26101,27,204,66.1,1502.259,15,7141.994147,2.0406,2.0406,0.8681,14
2017,1834,"Luroy",1072.51,1920,7,7,66.5,1467.93,13,17954.215234,173.7112,173.7112,99.7668,14
2017,1835,"Traena",1777.3,465,-8,NA,69.7,1468.945,14,1450.60064,6048.0607,2004.5407,303.971,14
2017,1836,"Rodoy",2391.77,1267,-6,7,67.2,1502.26,16,12329.393695,593.0948,593.0948,309.0912,14
2017,1837,"Meloy",1872.46,6435,-30,54,65.3,1505.621,18,11603.015292,519.1036,519.1036,368.0527,14
2017,1838,"Gildeskal",837.6,2024,-6,11,63.9,1509.91,19,13835.342188,27.8654,27.8654,11.1931,14
2017,1840,"Saltdal",29.77,4702,50,44,65.2,1502.261,17,2239.712084,0,0,0,14
2017,1841,"Fauske",84.29,9729,31,82,64.8,1625.878,22,1665.406915,1.4165,1.4165,0.2415,14
2017,1845,"Sorfold",192.04,1958,7,19,61.2,1711.852,28,9202.615661,66.6722,66.6722,13.8165,14
2017,1848,"Steigen",2475.41,2543,-9,18,62.5,1711.846,27,20875.791742,497.7428,497.7428,349.3585,14
2017,1849,"Hamaroy",528.96,1810,-16,19,63.9,1724.582,30,2223.077885,0,0,0,14
2017,1850,"Tysfjord",465.3,1960,1,33,58,1743.794,31,6671.599393,127.5795,127.5795,113.5055,14
2017,1851,"Lodingen",516.46,2134,-1,22,57.9,1754.722,33,7335.240152,14841.2671,6403.6531,356.1355,14
2017,1854,"Ballangen",260.93,2554,-3,26,53.6,1791.624,35,7280.738337,0,0,0,14
2017,1859,"Flakstad",994.01,1349,-10,34,62.8,1680.052,25,1961.83013,10839.1845,10839.1845,3771.0363,14
2017,1860,"Vestvagoy",1685.01,11294,23,162,66.6,1703.182,26,4220.969679,12494.6718,11892.8501,3899.6971,14
2017,1865,"Vagan",1608.35,9444,62,127,66,1720.912,29,4478.682029,21469.1884,17452.9849,7412.5203,14
2017,1866,"Hadsel",617.87,8009,8,73,62,1753.946,32,12793.400349,570.121,325.8267,181.2461,14
2017,1867,"Bo",1579.07,2624,-2,28,58.5,1760.852,34,7579.806096,2800.7034,2470.0228,1276.4829,14
2017,1868,"Oksnes",1495.68,4580,14,76,62.4,1803.767,38,9998.5837,27125.3317,20275.8656,7147.1917,14
2017,1870,"Sortland",371.13,10378,33,106,65.7,1796.622,36,7631.004864,23.7208,23.7208,12.7195,14
2018,2004,"Hammerfest",2379.58,10533,-5,140,70.3,2187.8,68,20454.635399,5962.80889,4133.47464,402.6782,14
2018,2012,"Alta",708.22,20635,18,226,67.7,2142.243,66,24107.928652,175.62422,175.62422,142.57551,14
2018,2014,"Loppa",2119.69,941,-14,18,59.6,2114.266,65,6756.424568,1757.30846,1757.30846,1167.4009,14
2018,2015,"Hasvik",2212.36,1022,-5,57,59.6,2145.45,67,8718.427188,13909.2459,11797.82915,6018.88681,14
2018,2017,"Kvalsund",299.43,1027,0,15,57.7,2196.698,69,12590.853362,0,0,0,14
2018,2018,"Masoy",2746.77,1231,18,26,61.5,2246.06,70,9653.859332,34302.78549,17845.87606,6881.88268,14
2018,2019,"Nordkapp",3172.78,3239,-11,69,64.2,2302.882,72,4175.54616,25615.48853,13665.35162,5930.35609,14
2018,2022,"Lebesby",2269.84,1349,7,17,62.5,2339.808,73,2932.602314,6011.45441,5762.21456,3563.42129,14
2018,2027,"Nesseby",200.5,944,-1,7,60.7,2452.245,77,4736.356949,430.29843,430.29843,417.727,14
2018,2028,"Batsfjord",1379.46,2263,7,75,64.7,2476.448,78,NA,18195.46381,9397.96843,2241.29773,14
2018,2030,"Sor-Varanger",1135.7,10171,-34,112,67.9,2587.5,81,2656.962647,553.95998,553.95998,530.20155,14
2018,1902,"Tromso",2767.33,75638,329,634,71.4,1963.832,58,13114.665396,31645.24798,23774.96278,5602.67516,14
2018,1903,"Harstad",1075.25,24820,-30,274,66.1,1850.033,44,15223.198726,729.87606,729.87606,505.41573,14
2018,1911,"Kvaefjord",189.03,2928,-24,33,62.1,1806.774,39,6937.930908,111.24434,111.24434,67.70747,14
2018,1913,"Skanland",85.75,2994,13,31,60.6,1844.254,41,3711.088007,0,0,0,14
2018,1917,"Ibestad",351.66,1380,1,26,58.6,1875.689,45,17283.563421,0,0,0,14
2018,1919,"Gratangen",61.93,1117,-25,9,59.4,1883.657,46,NA,0,0,0,13
2018,1920,"Lavangen",22.93,1061,1,12,58.3,1896.465,49,358.207921,0,0,0,14
2018,1923,"Salangen",63.61,2226,5,13,60.8,1900.846,51,4101.116924,0,0,0,13
2018,1926,"Dyroy",181.21,1165,-10,5,58.6,1900.833,50,13119.147448,0,0,0,14
2018,1927,"Tranoy",414.56,1536,10,11,62,1894.122,48,18904.046201,0,0,0,14
2018,1928,"Torsken",832.68,943,2,22,60.1,1890.295,47,3575.365029,2591.99736,2275.75192,657.47526,14
2018,1929,"Berg",836.66,902,2,NA,68.2,1910.705,52,6311.866556,18195.40121,11529.56802,1986.68261,14
2018,1931,"Lenvik",702.95,11644,27,85,66.2,1925.114,54,15763.900654,3003.42114,2832.01133,962.6699,14
2018,1936,"Karlsoy",4796.75,2263,-8,21,62.8,2036.172,59,13280.781528,15595.92731,11492.49031,3552.39852,14
2018,1938,"Lyngen",487.07,2877,-2,21,62.8,2039.693,60,3701.2574,272.83889,272.66789,4.24065,14
2018,1940,"Kafjord",124.17,2132,-23,26,63.2,2051.994,61,424.835036,145.4047,145.4047,133.99536,14
2018,1941,"Skjervoy",1088,2925,2,21,66.1,2077.385,62,18943.6698,6540.43197,3914.53888,1895.60614,14
2018,1942,"Nordreisa",243.72,4944,1,51,63.7,2083.479,63,7128.126138,183.95268,183.95268,149.23452,14
2018,1943,"Kvaenangen",573.01,1224,0,16,63.6,2110.984,64,9507.924881,320.86684,320.86684,253.83572,14
2018,1804,"Bodo",3431.45,51558,123,404,70.3,1625.878,22,11414.301313,1614.25324,1604.25324,676.46226,14
2018,1805,"Narvik",200.61,18638,-23,196,64.4,1848.003,43,1555.224935,1.604,1.604,0,14
2018,1811,"Bindal",641.29,1486,-17,9,61,1333.778,1,4181.372,127.5415,127.5415,112.32254,14
2018,1812,"Somna",594.84,2020,-8,13,66.1,1341.503,2,656.408458,0,0,0,14
2018,1813,"Bronnoy",1052.81,7948,-7,72,65.4,1359.248,3,17913.733767,470.7574,470.7574,325.14076,14
2018,1815,"Vega",2756.44,1221,-2,11,63.8,1375.174,4,2368.284433,210.44093,210.44093,181.17323,14
2018,1816,"Vevelstad",122.2,506,0,4,60.2,1379.621,5,6443.898099,0,0,0,14
2018,1818,"Heroy",2197.73,1790,-9,28,61.7,1418.72,8,18536.920463,188.47566,188.47566,148.11639,14
2018,1820,"Alstahaug",397.61,7450,0,68,64.4,1400.557,6,5195.401354,0,0,0,14
2018,1822,"Leirfjord",130.95,2307,2,25,64.4,1441.841,10,1359.711116,11.02,11.02,0,14
2018,1824,"Vefsn",101.49,13448,9,79,67.4,1409.307,7,864.815453,0.081,0.081,0.081,14
2018,1827,"Donna",567.37,1403,7,5,63,1438.247,9,12118.585742,606.85527,606.85527,362.68344,14
2018,1828,"Nesna",219.63,1805,21,17,64.2,1455.901,12,1907.301173,4.87335,4.87335,0,14
2018,1833,"Rana",128.29,26230,-18,238,66.4,1502.259,15,2670.707767,1.50367,1.50367,0.89859,14
2018,1834,"Luroy",1072.51,1920,-5,11,67.3,1467.93,13,11356.997055,95.42028,95.42028,3.77238,14
2018,1835,"Traena",1777.3,454,2,4,67.5,1468.945,14,1837.861723,6287.58607,2771.64607,497.184,14
2018,1836,"Rodoy",2391.77,1249,-5,4,68.4,1502.26,16,31650.389706,558.37517,558.37517,292.49135,14
2018,1837,"Meloy",1872.46,6346,-6,111,63.7,1505.621,18,12299.812856,496.82134,496.82134,294.38616,14
2018,1838,"Gildeskal",837.6,1998,3,18,63.2,1509.91,19,10078.186813,31.61063,31.61063,29.72433,14
2018,1840,"Saltdal",29.77,4691,-15,42,65.5,1502.261,17,4261.142265,0.25225,0.25225,0,14
2018,1841,"Fauske",84.29,9775,8,104,64.8,1625.878,22,1978.756231,0,0,0,14
2018,1845,"Sorfold",192.04,1979,-9,NA,60.4,1711.852,28,13463.695006,140.50681,140.50681,27.92725,14
2018,1848,"Steigen",2475.41,2534,22,12,63.1,1711.846,27,15816.498335,747.46407,747.46407,519.38338,14
2018,1849,"Hamaroy",528.96,1801,-13,13,64,1724.582,30,5065.211387,0,0,0,14
2018,1850,"Tysfjord",465.3,1953,-7,26,57,1743.794,31,18191.119762,136.33073,136.33073,115.34639,14
2018,1851,"Lodingen",516.46,2102,-11,18,60.6,1754.722,33,8034.920543,12681.33871,5541.97871,340.81052,14
2018,1854,"Ballangen",260.93,2522,-2,30,54.9,1791.624,35,6012.780837,0,0,0,14
2018,1859,"Flakstad",994.01,1301,4,24,64.6,1680.052,25,1511.648602,9402.85682,9402.85682,3439.57292,14
2018,1860,"Vestvagoy",1685.01,11397,17,264,65.4,1703.182,26,3328.527673,12611.48685,12026.84327,4201.84246,14
2018,1865,"Vagan",1608.35,9611,-11,130,67.3,1720.912,29,423.909891,18227.00963,17200.83662,7754.61027,14
2018,1866,"Hadsel",617.87,8042,10,91,63.3,1753.946,32,6531.470234,200.8545,200.8545,192.00123,14
2018,1867,"Bo",1579.07,2623,-2,27,58.8,1760.852,34,5808.030778,2777.86005,2351.20605,1153.54342,14
2018,1868,"Oksnes",1495.68,4541,-4,50,64.2,1803.767,38,10501.767378,26533.96262,20325.9064,7428.42694,14
2018,1870,"Sortland",371.13,10401,28,110,66.2,1796.622,36,8708.401114,1.13763,1.13763,1.13763,14
2005,2004,"Hammerfest",2379.58,9261,13,197,72.6,2187.8,68,3754.205928,15859.2755,11058.7494,1702.0757,14
2005,2012,"Alta",708.22,17628,76,464,68.6,2142.243,66,18556.895445,96.3164,96.3164,64.6941,14
2005,2014,"Loppa",2119.69,1266,-22,81,61.4,2114.266,65,4366.246411,2553.3737,2472.3107,873.5394,14
2005,2017,"Kvalsund",299.43,1080,-2,29,61.5,2196.698,69,1340.382824,355.1067,355.1067,122.4458,14
2005,2019,"Nordkapp",3172.78,3415,12,178,64.1,2302.882,72,229.582,12909.6813,12824.9093,4840.3929,14
2005,2022,"Lebesby",2269.84,1430,-10,61,60.2,2339.808,73,758.095434,4578.5845,4490.7381,1463.7619,14
2005,2023,"Gamvik",1688.92,1114,-26,56,63.7,2391.313,74,774.463,6187.2208,5597.483,1715.38,14
2005,2027,"Nesseby",200.5,901,-1,37,62.8,2452.245,77,1607.358578,144.0572,144.0572,130.7271,14
2005,2030,"Sor-Varanger",1135.7,9463,-29,263,68.3,2587.5,81,333.026,435.1423,435.1423,321.1395,14
2005,1902,"Tromso",2767.33,62558,416,1225,72.5,1963.832,58,3560.745607,32880.1141,20199.4291,1951.0859,14
2005,1903,"Harstad",1075.25,NA,NA,NA,NA,1850.033,44,4108.036155,1012.9583,1012.9583,635.5758,14
2005,1911,"Kvaefjord",189.03,3072,3,42,64.6,1806.774,39,4352.943719,187.8455,187.8455,143.5007,14
2005,1913,"Skanland",85.75,2954,-25,73,64,1844.254,41,2335.461395,0,0,0,14
2005,1917,"Ibestad",351.66,1649,-8,35,56.7,1875.689,45,3355.580262,0.072,0.072,0,14
2005,1919,"Gratangen",61.93,1268,-2,35,56.7,1883.657,46,3700.167154,0.1013,0.1013,0.1013,13
2005,1920,"Lavangen",22.93,1029,10,29,61.8,1896.465,49,501.552882,0.1875,0.1875,0,14
2005,1923,"Salangen",63.61,2244,-6,36,64.6,1900.846,51,2685.575908,0,0,0,13
2005,1926,"Dyroy",181.21,1288,0,29,62.7,1900.833,50,5143.573293,0,0,0,14
2005,1927,"Tranoy",414.56,1632,-8,28,62.4,1894.122,48,5000.446141,0,0,0,14
2005,1928,"Torsken",832.68,1033,-13,22,63.9,1890.295,47,3442.741236,6921.3368,6203.8648,817.4555,14
2005,1929,"Berg",836.66,1014,6,19,67.9,1910.705,52,2904.700404,22636.5315,16387.6245,1018.7471,14
2005,1931,"Lenvik",702.95,11035,-9,217,65,1925.114,54,1164.20346,3412.8568,3297.8568,463.4817,14
2005,1936,"Karlsoy",4796.75,2372,-13,78,66.1,2036.172,59,3153.442241,9208.2153,8466.4146,2269.6044,14
2005,1938,"Lyngen",487.07,3158,-6,131,65.5,2039.693,60,2394.568251,80.673,80.673,0.237,14
2005,1940,"Kafjord",124.17,2288,-19,77,60.5,2051.994,61,2943.137034,370.6947,370.6947,357.0832,14
2005,1941,"Skjervoy",1088,3003,-7,141,64.5,2077.385,62,6553.47555,6330.3783,6118.7572,1317.8396,14
2005,1942,"Nordreisa",243.72,4744,7,161,66,2083.479,63,3225.714706,298.8264,298.8264,230.4712,14
2005,1943,"Kvaenangen",573.01,1401,-3,46,60.3,2110.984,64,5629.258858,604.6214,604.6214,510.954,14
2005,1804,"Bodo",3431.45,44414,119,989,71.2,1625.878,22,342.154779,44091.3857,25410.8567,409.2172,14
2005,1811,"Bindal",641.29,1778,-10,29,61,1333.778,1,1773.994385,145.7824,145.7824,134.112,14
2005,1812,"Somna",594.84,2075,-13,26,67.5,1341.503,2,4266.908258,3.4086,3.4086,3.4086,14
2005,1813,"Bronnoy",1052.81,7585,-16,122,66.5,1359.248,3,1611.251035,367.5733,367.5733,309.3692,14
2005,1815,"Vega",2756.44,1356,-8,30,66.5,1375.174,4,722.991653,172.0283,172.0283,156.5744,14
2005,1816,"Vevelstad",122.2,524,-5,NA,66,1379.621,5,424.869348,0,0,0,14
2005,1818,"Heroy",2197.73,1739,-1,62,63.1,1418.72,8,750.516545,782.3864,782.3864,550.5852,14
2005,1820,"Alstahaug",397.61,7398,-19,227,64.9,1400.557,6,4098.260765,2.8483,2.8483,2.5331,14
2005,1824,"Vefsn",101.49,13486,-27,297,66.2,1409.307,7,1676.524266,0.2065,0.2065,0.2065,14
2005,1827,"Donna",567.37,1528,-5,39,64.2,1438.247,9,3927.00907,454.9205,454.9205,167.2411,14
2005,1828,"Nesna",219.63,1801,-8,29,65.3,1455.901,12,1315.955447,9.2156,9.2156,9.2156,14
2005,1833,"Rana",128.29,25320,27,629,63.5,1502.259,15,2515.529399,0,0,0,14
2005,1834,"Luroy",1072.51,2028,-15,50,65,1467.93,13,5293.795345,208.3861,208.3861,162.3456,14
2005,1835,"Traena",1777.3,444,1,6,72.4,1468.945,14,1189.78545,23392.6402,11437.6092,659.5718,14
2005,1836,"Rodoy",2391.77,1443,-26,32,68.1,1502.26,16,9305.197991,587.3291,587.3291,398.6586,14
2005,1837,"Meloy",1872.46,6759,-25,119,66.4,1505.621,18,6228.463047,669.6959,669.6959,495.6268,14
2005,1838,"Gildeskal",837.6,2178,2,38,64.4,1509.91,19,6419.499983,113.8987,113.8987,66.3898,14
2005,1840,"Saltdal",29.77,4800,-19,176,65.8,1502.261,17,816.275121,0.7854,0.7854,0.7854,14
2005,1841,"Fauske",84.29,9549,0,325,64.3,1625.878,22,938.41742,53.0295,53.0295,50.0251,14
2005,1845,"Sorfold",192.04,2153,5,76,60.8,1711.852,28,5703.938558,168.1242,168.1242,146.3321,14
2005,1848,"Steigen",2475.41,2802,-18,86,63.5,1711.846,27,6958.914299,839.0876,839.0876,490.2954,14
2005,1849,"Hamaroy",528.96,1836,-13,61,61.5,1724.582,30,2475.057207,0,0,0,14
2005,1850,"Tysfjord",465.3,2150,-11,67,58.6,1743.794,31,177.054426,899.9534,899.9534,623.8873,14
2005,1851,"Lodingen",516.46,2349,-5,63,63.7,1754.722,33,1737.982965,31657.4642,20478.0112,18.4362,14
2005,1854,"Ballangen",260.93,2736,-10,78,59.2,1791.624,35,833.739187,0,0,0,14
2005,1859,"Flakstad",994.01,1470,5,38,62.8,1680.052,25,1605.962919,5948.8874,5948.8874,2127.3223,14
2005,1860,"Vestvagoy",1685.01,10764,-18,327,64,1703.182,26,NA,7949.3321,7949.3321,1182.8425,14
2005,1865,"Vagan",1608.35,9034,-28,258,65.6,1720.912,29,8014.323758,45408.6832,39981.241,2065.2611,14
2005,1866,"Hadsel",617.87,8039,13,201,65.8,1753.946,32,7128.873601,642.0736,642.0736,137.9568,14
2005,1867,"Bo",1579.07,3003,-10,103,58,1760.852,34,3049.089626,8353.9574,7166.7644,802.8336,14
2005,1868,"Oksnes",1495.68,4550,19,153,65.2,1803.767,38,9202.758955,8722.6848,8722.6848,1931.1413,14
2005,1870,"Sortland",371.13,9536,37,252,69.1,1796.622,36,2964.265905,5742.4245,5664.4725,4.0395,14
2008,1933,"Balsfjord",244.81,5529,-29,54,66.6,1925.853,56,0,123.265,123.265,98.3288,10
2011,2018,"Masoy",2746.77,1228,2,32,62.3,2246.06,70,2081.365091,29844.4647,24395.462,3900.8059,14
2011,1805,"Narvik",200.61,18380,31,237,66.9,1848.003,43,NA,8.2752,8.2752,4.3872,14
2011,1822,"Leirfjord",130.95,2160,-25,52,64.3,1441.841,10,188.637052,10.65,10.65,0,14
2014,2015,"Hasvik",2212.36,1037,14,38,61.4,2145.45,67,639.209116,15701.1149,12114.0683,5885.3989,14
2014,1874,"Moskenes",1473.84,1108,-8,28,67.7,1651.719,24,185.051615,8598.0213,7990.7947,2594.8953,14
2016,2028,"Batsfjord",1379.46,2211,35,61,67.2,2476.448,78,892.273679,17175.3359,9664.1987,2268.0988,14
2005,1871,"Andoy",2136.96,5341,-19,110,65.2,1847.183,42,0,10463.2456,9850.8417,712.9099,14
2005,1933,"Balsfjord",244.81,5560,-15,132,65.3,1925.853,56,0,139.913,139.913,110.2499,10
2005,2028,"Batsfjord",1379.46,2185,15,126,64.5,2476.448,78,0,13880.1396,11848.7732,1175.4696,14
2005,2024,"Berlevag",1319.16,1133,-5,38,59.6,2431.304,76,0,6593.5474,6593.5474,781.2062,14
2005,2015,"Hasvik",2212.36,1049,-5,72,62,2145.45,67,0,9340.9468,9340.9468,2214.0251,14
2005,1832,"Hemnes",64.42,4566,-14,91,61.4,1452.152,11,0,4.3693,4.3693,4.3693,10
2005,1822,"Leirfjord",130.95,2156,-21,56,60.4,1441.841,10,0,9.3809,9.3809,2.1999,14
2005,2018,"Masoy",2746.77,1393,-4,78,65.5,2246.06,70,0,9103.6607,8871.4077,2962.1316,14
2005,1874,"Moskenes",1473.84,1201,-13,38,66.2,1651.719,24,0,6219.5634,6219.5634,1736.1448,14
2005,1805,"Narvik",200.61,18512,-70,320,63.7,1848.003,43,0,9.6034,9.6034,5.6784,14
2005,2020,"Porsanger",1123.38,4299,-22,157,63.2,2256.224,71,0,144.9055,144.9055,138.4642,14
2005,1856,"Rost",3361.27,602,-2,11,73.8,1573.298,20,0,13145.0974,13145.0974,5562.0819,14
2005,2003,"Vadso",705.34,6181,-9,242,67.5,2551.576,80,0,70.802,70.802,0.02,14
2005,1857,"Vaeroy",1805.51,743,9,38,68.9,1625.878,22,0,32886.6863,25814.5368,1548.053,14
2005,2002,"Vardo",1886.91,2366,-12,146,61.5,2528.722,79,0,3734.857,3734.857,1364.5231,14
2006,1871,"Andoy",2136.96,5245,-1,91,65.8,1847.183,42,0,11055.1913,10356.315,985.9102,14
2006,1933,"Balsfjord",244.81,5569,2,111,66.8,1925.853,56,0,108.3121,108.3121,93.215,10
2006,2028,"Batsfjord",1379.46,2171,-23,134,66.2,2476.448,78,0,10969.858,8820.796,714.7725,14
2006,2024,"Berlevag",1319.16,1104,-9,33,61.6,2431.304,76,0,5016.3267,5015.2607,674.5743,14
2006,2023,"Gamvik",1688.92,1076,-11,56,63.5,2391.313,74,0,3923.2759,3864.6489,895.407,14
2006,2015,"Hasvik",2212.36,1033,-8,50,62,2145.45,67,0,14507.1133,14429.3113,3646.5524,14
2006,1832,"Hemnes",64.42,4542,-20,81,62.5,1452.152,11,0,3.4905,3.4905,3.374,10
2006,2022,"Lebesby",2269.84,1391,-1,53,64,2339.808,73,0,2854.975,2688.4981,983.1428,14
2006,1822,"Leirfjord",130.95,2156,-8,44,63.5,1441.841,10,0,6.6312,6.6312,0.4567,14
2006,2018,"Masoy",2746.77,1376,-23,41,66.5,2246.06,70,0,16725.0061,16465.1218,3071.0238,14
2006,1874,"Moskenes",1473.84,1183,-6,35,66,1651.719,24,0,5937.7539,5937.7539,1435.3065,14
2006,1805,"Narvik",200.61,18365,-37,300,64.3,1848.003,43,0,13.1717,13.1717,9.6347,14
2006,2020,"Porsanger",1123.38,4222,-17,127,66.2,2256.224,71,0,186.2412,186.2412,168.8369,14
2006,1856,"Rost",3361.27,598,-1,9,74.1,1573.298,20,0,14266.3635,14266.3635,5408.1136,14
2006,2003,"Vadso",705.34,6114,52,167,69.3,2551.576,80,0,64.257,64.257,30.823,14
2006,1857,"Vaeroy",1805.51,748,10,64,66.6,1625.878,22,0,18190.6264,14889.1183,773.0369,14
2006,2002,"Vardo",1886.91,2338,-28,131,60.9,2528.722,79,0,3311.7017,3305.8638,1027.023,14
2007,1871,"Andoy",2136.96,5152,-4,73,67.5,1847.183,42,0,11889.0974,11049.5491,932.0518,14
2007,1933,"Balsfjord",244.81,5569,-11,61,68.1,1925.853,56,0,94.3862,94.3862,77.6126,10
2007,2028,"Batsfjord",1379.46,2113,-14,93,66,2476.448,78,0,12553.0232,9068.372,1236.4588,14
2007,2024,"Berlevag",1319.16,1086,-4,27,61.6,2431.304,76,0,5405.709,5384.3168,651.8124,14
2007,2023,"Gamvik",1688.92,1046,-7,30,63.9,2391.313,74,0,5359.8767,4982.3077,1268.0857,14
2007,2015,"Hasvik",2212.36,1005,-4,27,63.7,2145.45,67,0,11938.698,11623.1772,3995.6044,14
2007,1832,"Hemnes",64.42,4510,-17,57,65.4,1452.152,11,0,3.8808,3.8808,3.6633,10
2007,2022,"Lebesby",2269.84,1357,-16,24,62.6,2339.808,73,0,2849.7531,2838.3287,1324.6794,14
2007,1822,"Leirfjord",130.95,2123,-4,43,66.6,1441.841,10,0,8.4511,8.4511,0.1651,14
2007,2018,"Masoy",2746.77,1319,1,21,65.2,2246.06,70,0,22605.4411,20445.0978,2475.444,14
2007,1874,"Moskenes",1473.84,1156,-18,22,66.7,1651.719,24,0,5239.3001,5083.2861,1166.1457,14
2007,1805,"Narvik",200.61,18301,6,226,67.8,1848.003,43,0,8.2817,8.2817,4.8297,14
2007,2020,"Porsanger",1123.38,4141,-14,78,68.9,2256.224,71,0,301.1673,301.1673,272.3683,14
2007,1856,"Rost",3361.27,591,8,19,75.2,1573.298,20,0,12932.3282,12932.3282,4987.02,14
2007,2003,"Vadso",705.34,6124,-28,123,71.3,2551.576,80,0,0.4206,0.4206,0.4206,14
2007,1857,"Vaeroy",1805.51,748,2,28,61.3,1625.878,22,0,10877.4406,7751.6063,566.5311,14
2007,2002,"Vardo",1886.91,2286,-12,95,62.2,2528.722,79,0,3843.2542,3735.1531,1606.2451,14
2008,1871,"Andoy",2136.96,5078,-14,49,65.6,1847.183,42,0,12540.3289,12075.3577,924.7308,14
2008,2028,"Batsfjord",1379.46,2090,-12,84,69.4,2476.448,78,0,15783.4219,9015.7587,1294.2893,14
2008,2024,"Berlevag",1319.16,1077,-11,36,66.9,2431.304,76,0,4623.3139,4610.8107,825.8875,14
2008,2023,"Gamvik",1688.92,1040,-21,26,63.4,2391.313,74,0,4559.5569,4161.3477,1367.4164,14
2008,2015,"Hasvik",2212.36,998,2,22,64.7,2145.45,67,0,14777.2376,12625.6576,4313.1562,14
2008,1832,"Hemnes",64.42,4478,-8,47,65.3,1452.152,11,0,3.8247,3.8247,3.6072,10
2008,2022,"Lebesby",2269.84,1304,7,36,65.5,2339.808,73,0,3776.3447,3652.6571,1758.8472,14
2008,1822,"Leirfjord",130.95,2090,10,32,66.3,1441.841,10,0,11.5742,11.5742,0,14
2008,2018,"Masoy",2746.77,1333,1,28,65.5,2246.06,70,0,26279.2861,21497.5104,2349.1229,14
2008,1874,"Moskenes",1473.84,1128,-6,27,69.8,1651.719,24,0,5740.3854,5298.0153,1395.3712,14
2008,1805,"Narvik",200.61,18384,-16,212,68.6,1848.003,43,0,8.0845,8.0845,4.7925,14
2008,2020,"Porsanger",1123.38,4059,-22,57,67.3,2256.224,71,0,393.8472,393.8472,364.1242,14
2008,1856,"Rost",3361.27,622,2,25,74.8,1573.298,20,0,13640.9062,13640.9062,5988.0212,14
2008,2003,"Vadso",705.34,6062,10,107,71.4,2551.576,80,0,0.02,0.02,0.02,14
2008,1857,"Vaeroy",1805.51,743,1,37,68.9,1625.878,22,0,19833.4658,12078.5262,736.7087,14
2008,2002,"Vardo",1886.91,2190,-3,99,61.4,2528.722,79,0,3696.0433,3650.776,1515.8543,14
2009,1871,"Andoy",2136.96,5034,-10,61,66.4,1847.183,42,0,11732.363,11732.363,887.1157,14
2009,1933,"Balsfjord",244.81,5497,-6,108,65.4,1925.853,56,0,53.4327,53.4327,45.213,10
2009,2028,"Batsfjord",1379.46,2074,-25,74,68.2,2476.448,78,0,15684.0272,10578.3973,1338.1491,14
2009,2024,"Berlevag",1319.16,1061,-9,41,64.2,2431.304,76,0,4636.5037,4636.5037,546.9276,14
2009,2023,"Gamvik",1688.92,1025,-19,40,60.2,2391.313,74,0,5754.3157,5029.0724,1807.8668,14
2009,2015,"Hasvik",2212.36,970,-4,29,64.7,2145.45,67,0,12509.89,6942.4197,2488.1494,14
2009,1832,"Hemnes",64.42,4527,-1,70,63.5,1452.152,11,0,0.1005,0.1005,0,10
2009,1822,"Leirfjord",130.95,2088,22,39,66.6,1441.841,10,0,13.463,13.463,0,14
2009,2018,"Masoy",2746.77,1309,-20,28,64.9,2246.06,70,0,21307.9984,16825.726,2131.3497,14
2009,1874,"Moskenes",1473.84,1116,-3,18,67.9,1651.719,24,0,6277.6195,5820.3721,1225.0945,14
2009,1805,"Narvik",200.61,18348,50,201,67,1848.003,43,0,7.687,7.687,3.256,14
2009,2020,"Porsanger",1123.38,4000,-4,67,66.4,2256.224,71,0,410.7407,410.7407,369.2672,14
2009,1856,"Rost",3361.27,606,0,13,75.8,1573.298,20,0,12443.7664,12443.7664,5140.1222,14
2009,2003,"Vadso",705.34,6076,-13,97,69.7,2551.576,80,0,16846.576,7380.2659,1.2909,14
2009,1857,"Vaeroy",1805.51,738,9,20,69.6,1625.878,22,0,32807.4307,17402.8209,759.5361,14
2009,2002,"Vardo",1886.91,2144,-19,117,59.4,2528.722,79,0,2888.0154,2888.0154,1485.0587,14
2010,1871,"Andoy",2136.96,5002,9,63,65.1,1847.183,42,0,12339.8038,12214.8608,757.1286,14
2010,1933,"Balsfjord",244.81,5515,7,96,64.2,1925.853,56,0,1.1615,1.1615,0.665,10
2010,2028,"Batsfjord",1379.46,2070,20,63,67.8,2476.448,78,0,12704.8667,8702.5077,1221.2376,14
2010,2024,"Berlevag",1319.16,1044,3,32,63.3,2431.304,76,0,8587.6501,8569.3276,1486.8982,14
2010,2023,"Gamvik",1688.92,1009,3,32,60.4,2391.313,74,0,5797.9321,5528.2513,1992.3354,14
2010,2015,"Hasvik",2212.36,934,17,27,60.9,2145.45,67,0,20560.1237,13435.7041,4727.0959,14
2010,1832,"Hemnes",64.42,4584,2,68,63.4,1452.152,11,0,0.114,0.114,0,10
2010,1940,"Kafjord",124.17,2207,-10,64,62.7,2051.994,61,0,4.0186,4.0186,4.0186,14
2010,1822,"Leirfjord",130.95,2140,15,40,64.8,1441.841,10,0,10.8512,10.8512,0,14
2010,2018,"Masoy",2746.77,1267,1,38,65.3,2246.06,70,0,34012.2881,26189.735,4348.7378,14
2010,1874,"Moskenes",1473.84,1130,-6,25,67.5,1651.719,24,0,4567.0957,4428.9948,1418.5373,14
2010,1805,"Narvik",200.61,18402,19,249,66.9,1848.003,43,0,6.9525,6.9525,3.8505,14
2010,2020,"Porsanger",1123.38,3991,-43,78,66.6,2256.224,71,0,99.0712,99.0712,92.5132,14
2010,1856,"Rost",3361.27,612,-8,17,72,1573.298,20,0,19434.7386,19434.7386,8257.9347,14
2010,2003,"Vadso",705.34,6101,-18,107,70.1,2551.576,80,0,512.3639,512.3639,368.8503,14
2010,1857,"Vaeroy",1805.51,761,-5,19,67,1625.878,22,0,33025.8539,14485.0799,813.1927,14
2010,2002,"Vardo",1886.91,2124,6,80,59.3,2528.722,79,0,3931.1973,3931.1973,1522.6054,14
2011,1871,"Andoy",2136.96,5033,-24,63,64.3,1847.183,42,0,12470.0419,12335.862,942.1938,14
2011,1933,"Balsfjord",244.81,5517,-12,86,65.1,1925.853,56,0,0.8308,0.8308,0.5008,10
2011,2028,"Batsfjord",1379.46,2071,-10,76,68.8,2476.448,78,0,16870.1659,10589.6081,1536.1363,14
2011,2024,"Berlevag",1319.16,1031,-2,36,63.3,2431.304,76,0,12784.3368,12784.3368,2307.882,14
2011,2023,"Gamvik",1688.92,991,4,20,62.5,2391.313,74,0,7561.4414,7152.1091,2338.1748,14
2011,1919,"Gratangen",61.93,1115,1,15,61.5,1883.657,46,0,0.0755,0.0755,0.0755,13
2011,2015,"Hasvik",2212.36,972,2,17,62.8,2145.45,67,0,17165.7548,11995.826,4297.3646,14
2011,1832,"Hemnes",64.42,4600,-6,73,64.5,1452.152,11,0,0.2333,0.2333,0,10
2011,1874,"Moskenes",1473.84,1120,1,22,68.4,1651.719,24,0,6840.0473,6513.0028,1766.3046,14
2011,2020,"Porsanger",1123.38,3980,1,66,67.5,2256.224,71,0,358.4028,358.4028,345.5563,14
2011,1856,"Rost",3361.27,605,-4,20,68.1,1573.298,20,0,19506.0573,19506.0573,8058.3389,14
2011,2003,"Vadso",705.34,6095,35,117,69.8,2551.576,80,0,725.1408,725.1408,609.5857,14
2011,1857,"Vaeroy",1805.51,748,-7,32,68.2,1625.878,22,0,35716.8806,13355.4638,1581.0258,14
2011,2002,"Vardo",1886.91,2111,15,84,60.7,2528.722,79,0,7698.29,7547.4654,3150.4295,14
2012,1871,"Andoy",2136.96,5032,-10,70,63.1,1847.183,42,0,14209.9584,14070.1874,934.9681,14
2012,1933,"Balsfjord",244.81,5502,1,80,65.6,1925.853,56,0,0.063,0.063,0.063,10
2012,2028,"Batsfjord",1379.46,2089,10,64,66.3,2476.448,78,0,15484.4618,9917.9623,1726.9439,14
2012,2024,"Berlevag",1319.16,1015,23,26,63.3,2431.304,76,0,10308.8793,10308.8793,1933.9108,14
2012,2023,"Gamvik",1688.92,1008,15,27,63.1,2391.313,74,0,6259.289,6106.2944,2637.0223,14
2012,2015,"Hasvik",2212.36,995,-1,24,66.4,2145.45,67,0,19523.8068,13063.3212,4292.0988,14
2012,1874,"Moskenes",1473.84,1116,4,22,66.6,1651.719,24,0,7828.7449,7584.9305,1844.9801,14
2012,2020,"Porsanger",1123.38,3946,-14,59,65.3,2256.224,71,0,421.0251,421.0251,399.4159,14
2012,1856,"Rost",3361.27,595,-4,14,72.3,1573.298,20,0,16032.2708,15799.4397,6193.9283,14
2012,2003,"Vadso",705.34,6125,44,96,67.1,2551.576,80,0,602.2555,602.2555,526.6986,14
2012,1857,"Vaeroy",1805.51,751,5,28,70.2,1625.878,22,0,26076.8011,10801.3338,1737.0916,14
2012,2002,"Vardo",1886.91,2122,-4,54,61.1,2528.722,79,0,7378.2361,7269.5822,2587.4863,14
2013,1871,"Andoy",2136.96,5024,-1,62,63.6,1847.183,42,0,15027.1573,15021.3059,1110.3573,14
2013,1933,"Balsfjord",244.81,5562,-1,72,65.3,1925.853,56,0,0.463,0.463,0.463,10
2013,2028,"Batsfjord",1379.46,2162,0,107,66.7,2476.448,78,0,14455.5154,9468.0264,1733.7032,14
2013,2024,"Berlevag",1319.16,1025,5,32,66.3,2431.304,76,0,9954.1272,9954.1272,649.8271,14
2013,2023,"Gamvik",1688.92,1063,17,62,61.8,2391.313,74,0,10796.9624,10412.4261,3659.361,14
2013,2015,"Hasvik",2212.36,1023,-12,30,61.7,2145.45,67,0,16196.9085,12057.3269,5438.0319,14
2013,1832,"Hemnes",64.42,4620,-37,64,64.1,1452.152,11,0,0.4815,0.4815,0,10
2013,1874,"Moskenes",1473.84,1118,-1,21,67,1651.719,24,0,8056.3261,7635.3432,1307.3969,14
2013,2020,"Porsanger",1123.38,3968,-8,53,64.8,2256.224,71,0,99.97,99.97,94.574,14
2013,1856,"Rost",3361.27,565,3,12,70.1,1573.298,20,0,19480.2721,19256.2532,6831.6328,14
2013,2003,"Vadso",705.34,6163,20,93,65.5,2551.576,80,0,662.4364,662.4364,567.6225,14
2013,1857,"Vaeroy",1805.51,754,3,21,71.1,1625.878,22,0,26503.4703,13128.1644,2269.7968,14
2013,2002,"Vardo",1886.91,2128,10,76,61,2528.722,79,0,7038.9765,7038.9765,2884.5489,14
2014,1871,"Andoy",2136.96,4993,3,89,63,1847.183,42,0,16967.3327,16887.3407,2369.7625,14
2014,2028,"Batsfjord",1379.46,2207,4,97,65.9,2476.448,78,0,14923.3828,8729.4339,2044.1449,14
2014,2024,"Berlevag",1319.16,1057,0,35,64.6,2431.304,76,0,11025.3886,10912.3187,914.3884,14
2014,2023,"Gamvik",1688.92,1098,10,41,61.3,2391.313,74,0,10119.9638,9954.6412,4147.1819,14
2014,1832,"Hemnes",64.42,4553,3,64,63.8,1452.152,11,0,0.8195,0.8195,0,10
2014,1822,"Leirfjord",130.95,2188,12,56,66.7,1441.841,10,0,11.0488,11.0488,0.0938,14
2014,2020,"Porsanger",1123.38,3963,-9,49,65.8,2256.224,71,0,379.3159,379.3159,368.5375,14
2014,1856,"Rost",3361.27,566,-1,10,69.4,1573.298,20,0,19568.5389,19126.6112,8044.2279,14
2014,2003,"Vadso",705.34,6223,27,95,63.8,2551.576,80,0,969.8059,969.8059,645.615,14
2014,1857,"Vaeroy",1805.51,777,3,12,69.7,1625.878,22,0,31113.0566,11482.8335,2061.0561,14
2014,2002,"Vardo",1886.91,2119,8,86,60.9,2528.722,79,0,6698.3993,6596.476,2698.301,14
2015,1871,"Andoy",2136.96,4991,-5,97,61.3,1847.183,42,0,13550.1961,13475.7394,2046.2703,14
2015,2028,"Batsfjord",1379.46,2235,-10,86,63.5,2476.448,78,0,17660.2347,10800.5275,2516.391,14
2015,2024,"Berlevag",1319.16,1020,-10,18,64.2,2431.304,76,0,9228.062,9228.062,845.4446,14
2015,1859,"Flakstad",994.01,1358,-1,31,64.7,1680.052,25,0,12270.6978,12211.5894,4598.2077,14
2015,2023,"Gamvik",1688.92,1116,-2,33,58.7,2391.313,74,0,9232.8658,8927.792,3617.2017,14
2015,1832,"Hemnes",64.42,4528,-10,32,62.8,1452.152,11,0,0.0495,0.0495,0.0495,10
2015,2020,"Porsanger",1123.38,3925,18,49,63.2,2256.224,71,0,271.5325,271.5325,260.5005,14
2015,1856,"Rost",3361.27,545,-6,12,68.9,1573.298,20,0,17006.2046,16689.6044,7797.4303,14
2015,1812,"Somna",594.84,2063,-22,14,66.8,1341.503,2,0,0.7203,0.7203,0.7203,14
2015,2003,"Vadso",705.34,6239,21,83,61.9,2551.576,80,0,813.1303,812.9943,580.3661,14
2015,1857,"Vaeroy",1805.51,780,-2,16,64.1,1625.878,22,0,26227.0567,10223.3694,2053.0523,14
2015,2002,"Vardo",1886.91,2128,6,42,57.1,2528.722,79,0,7574.7282,7463.5246,3714.7417,14
2016,1871,"Andoy",2136.96,4980,-17,74,60,1847.183,42,0,15905.9291,15703.7559,2762.9057,14
2016,1933,"Balsfjord",244.81,5701,-7,68,64.2,1925.853,56,0,1.5127,1.5127,1.5127,10
2016,2024,"Berlevag",1319.16,1000,-8,18,61.1,2431.304,76,0,7868.4779,7851.8119,815.0741,14
2016,2023,"Gamvik",1688.92,1139,-5,40,58.7,2391.313,74,0,9123.4678,8181.6075,3114.9294,14
2016,1874,"Moskenes",1473.84,1062,-16,33,62.9,1651.719,24,0,6967.8054,6154.4007,1566.1715,14
2016,2020,"Porsanger",1123.38,3978,-20,53,62.2,2256.224,71,0,584.4282,584.4282,523.7427,14
2016,1856,"Rost",3361.27,551,-6,15,68.2,1573.298,20,0,17235.684,16470.7606,6597.1273,14
2016,2003,"Vadso",705.34,6160,3,83,62.7,2551.576,80,0,520.6702,520.6702,347.0998,14
2016,1857,"Vaeroy",1805.51,765,-8,21,67.8,1625.878,22,0,23840.319,8561.4443,1370.0893,14
2016,2002,"Vardo",1886.91,2137,-11,45,57.8,2528.722,79,0,6549.6569,6114.9449,3384.4621,14
2017,1871,"Andoy",2136.96,4908,-15,61,62.3,1847.183,42,0,16476.853,15421.9374,2660.273,14
2017,2024,"Berlevag",1319.16,991,-3,9,63.9,2431.304,76,0,16164.1938,15452.2021,1305.7985,14
2017,2023,"Gamvik",1688.92,1137,7,28,60.2,2391.313,74,0,8315.5304,7093.7843,3148.6702,14
2017,1874,"Moskenes",1473.84,1073,3,28,64.4,1651.719,24,0,8174.658,6937.46,1910.7892,14
2017,1805,"Narvik",200.61,18756,10,204,63.6,1848.003,43,0,1.247,1.247,0,14
2017,2020,"Porsanger",1123.38,3971,-9,51,62.9,2256.224,71,0,554.3867,554.3867,490.0492,14
2017,1856,"Rost",3361.27,535,-5,12,68.1,1573.298,20,0,16177.7806,15094.4746,5461.1395,14
2017,2003,"Vadso",705.34,6154,-29,91,64.3,2551.576,80,0,466.1246,466.1246,323.8731,14
2017,1857,"Vaeroy",1805.51,744,1,NA,65.8,1625.878,22,0,27799.8415,9312.7036,919.5059,14
2017,2002,"Vardo",1886.91,2104,-2,46,58,2528.722,79,0,6238.1637,6169.1325,2990.0875,14
2018,1871,"Andoy",2136.96,4902,-39,58,63.4,1847.183,42,0,16093.61551,15770.45714,3711.5573,14
2018,2024,"Berlevag",1319.16,983,0,NA,63.9,2431.304,76,0,14242.28427,12595.272,1498.89552,14
2018,2023,"Gamvik",1688.92,1153,-7,24,61.6,2391.313,74,0,8667.50607,7948.04634,3236.88916,14
2018,1874,"Moskenes",1473.84,1068,-7,26,64.5,1651.719,24,0,7647.57525,6440.52443,1373.28469,14
2018,2020,"Porsanger",1123.38,3964,6,54,63.1,2256.224,71,0,723.84591,723.84591,649.07566,14
2018,1856,"Rost",3361.27,517,-2,6,69.9,1573.298,20,0,14059.90777,12904.95058,4356.81921,14
2018,2003,"Vadso",705.34,6033,-26,94,64.7,2551.576,80,0,361.04895,361.04895,111.21977,14
2018,1857,"Vaeroy",1805.51,746,8,14,67.2,1625.878,22,0,18381.76788,8572.01316,1405.52397,14
2018,2002,"Vardo",1886.91,2110,-3,49,58.8,2528.722,79,0,5955.01754,5881.65238,2924.05325,14
