"year","county","municip_number","municip","aqua_prod","total_catch","sea_area","wageco","population","popgrowth","unemployed"
2006,"Finnmark",2004,"Hammerfest",1150485.368,14195.0255,2379.58,2.3,9361,-10,194
2006,"Finnmark",2012,"Alta",14925546.698,400.8653,708.22,2.3,17889,30,406
2006,"Finnmark",2014,"Loppa",7714625.581,5374.567,2119.69,2.5,1213,-25,61
2006,"Finnmark",2017,"Kvalsund",3011720.29,2.2681,299.43,2.5,1070,0,29
2006,"Finnmark",2019,"Nordkapp",115461.352,11631.0493,3172.78,2.4,3330,-26,137
2006,"Finnmark",2027,"Nesseby",-252917.711,195.936,200.5,2.6,892,-7,25
2006,"Finnmark",2030,"Sor-Varanger",385288.077,389.0039,1135.7,2.2,9464,-16,202
2006,"Troms",1902,"Tromso",4524556.192,25941.1634,2767.33,2.4,63596,380,1024
2006,"Troms",1903,"Harstad",3481073.55,907.806,1075.25,NA,0,0,NA
2006,"Troms",1911,"Kvaefjord",4338264.036,185.6998,189.03,2.3,3067,7,56
2006,"Troms",1913,"Skanland",6208081.66,0,85.75,2.4,2918,3,53
2006,"Troms",1917,"Ibestad",4094627.156,0,351.66,2.5,1630,-19,39
2006,"Troms",1919,"Gratangen",1814057.024,0,61.93,2.2,1245,6,41
2006,"Troms",1920,"Lavangen",2788399.616,0.1823,22.93,2.3,1035,-14,24
2006,"Troms",1923,"Salangen",512334.774,0.7506,63.61,2.3,2263,3,40
2006,"Troms",1926,"Dyroy",3012068.935,0,181.21,2.6,1295,-21,28
2006,"Troms",1927,"Tranoy",4277229.275,0,414.56,2.4,1598,-1,17
2006,"Troms",1928,"Torsken",8494971.404,5721.0821,832.68,2.3,1005,-14,19
2006,"Troms",1929,"Berg",3205810.157,10161.2208,836.66,2.5,996,-9,19
2006,"Troms",1931,"Lenvik",2173552.638,2837.1292,702.95,2.4,11051,6,209
2006,"Troms",1936,"Karlsoy",4949279.871,12674.0734,4796.75,2.4,2369,-11,55
2006,"Troms",1938,"Lyngen",759953.067,2.876,487.07,2.4,3161,-5,97
2006,"Troms",1940,"Kafjord",1902365.71,274.6787,124.17,2.3,2261,-6,72
2006,"Troms",1941,"Skjervoy",7232087.591,13082.5223,1088,2.3,2971,-13,101
2006,"Troms",1942,"Nordreisa",4867534.404,220.0474,243.72,2.3,4772,-43,122
2006,"Troms",1943,"Kvaenangen",5136186.831,1139.1002,573.01,2.4,1387,-9,50
2006,"Nordland",1804,"Bodo",1565082.681,29697.3384,3431.45,2.4,44992,215,763
2006,"Nordland",1811,"Bindal",3960461.713,151.7305,641.29,2.3,1741,-15,24
2006,"Nordland",1812,"Somna",3567771.951,0.8445,594.84,2.3,2048,-4,25
2006,"Nordland",1813,"Bronnoy",2653181.922,455.3811,1052.81,2.3,7565,3,137
2006,"Nordland",1815,"Vega",1706243.373,1673.7182,2756.44,2.4,1308,-6,22
2006,"Nordland",1816,"Vevelstad",4763285.334,0,122.2,2.4,516,-3,11
2006,"Nordland",1818,"Heroy",-1138057.533,1222.5096,2197.73,2.3,1725,-16,44
2006,"Nordland",1820,"Alstahaug",2550567.09,0.6999,397.61,2.3,7306,-5,187
2006,"Nordland",1824,"Vefsn",1722185.736,0.379,101.49,2.3,13440,3,269
2006,"Nordland",1827,"Donna",516232.278,417.5741,567.37,2.4,1507,-8,31
2006,"Nordland",1828,"Nesna",926686.309,4.5585,219.63,2.5,1769,4,32
2006,"Nordland",1833,"Rana",858279.262,0,128.29,2.2,25355,-90,620
2006,"Nordland",1834,"Luroy",12072987.591,421.3996,1072.51,2.4,1971,1,35
2006,"Nordland",1835,"Traena",461024.581,11567.3822,1777.3,2.6,453,0,7
2006,"Nordland",1836,"Rodoy",12988740.265,801.1869,2391.77,2.5,1376,-11,29
2006,"Nordland",1837,"Meloy",5801144.897,1073.576,1872.46,2.5,6715,-22,90
2006,"Nordland",1838,"Gildeskal",6471414.789,120.4751,837.6,2.3,2107,-18,34
2006,"Nordland",1840,"Saltdal",237593.887,0.1065,29.77,2.3,4751,-6,113
2006,"Nordland",1841,"Fauske",2282362.926,57.0418,84.29,2.3,9551,-27,266
2006,"Nordland",1845,"Sorfold",6610755.482,162.6641,192.04,2.3,2119,-10,56
2006,"Nordland",1848,"Steigen",10766202.927,596.8276,2475.41,2.4,2760,-16,68
2006,"Nordland",1849,"Hamaroy",819315.348,0,528.96,2.4,1821,-14,44
2006,"Nordland",1850,"Tysfjord",1176162.456,1069.1231,465.3,2.4,2118,-13,75
2006,"Nordland",1851,"Lodingen",4887889.985,14702.242,516.46,2.4,2314,-3,68
2006,"Nordland",1854,"Ballangen",843627.096,418.8196,260.93,2.3,2701,-14,68
2006,"Nordland",1859,"Flakstad",2858617.055,5992.9426,994.01,2.3,1454,1,50
2006,"Nordland",1860,"Vestvagoy",-3006288.318,9842.3935,1685.01,2.4,10797,33,283
2006,"Nordland",1865,"Vagan",8064381.01,27106.9363,1608.35,2.4,9021,-28,230
2006,"Nordland",1866,"Hadsel",5871421.994,833.2088,617.87,2.4,8001,-14,181
2006,"Nordland",1867,"Bo",3779146.867,10075.1408,1579.07,2.4,2946,-6,81
2006,"Nordland",1868,"Oksnes",6688259.255,10721.4405,1495.68,2.4,4567,-37,99
2006,"Nordland",1870,"Sortland",4295428.107,2588.3612,371.13,2.3,9639,46,253
2007,"Finnmark",2004,"Hammerfest",7008104.775,10812.5468,2379.58,2.4,9391,35,75
2007,"Finnmark",2012,"Alta",14112492.488,417.0838,708.22,2.3,18090,3,292
2007,"Finnmark",2014,"Loppa",6093070.341,1454.2885,2119.69,2.4,1150,-9,44
2007,"Finnmark",2017,"Kvalsund",1275195.862,11.8071,299.43,2.3,1092,-4,17
2007,"Finnmark",2019,"Nordkapp",955798.935,12655.9061,3172.78,2.4,3274,-9,90
2007,"Finnmark",2027,"Nesseby",38561.091,405.3883,200.5,2.5,884,-4,23
2007,"Finnmark",2030,"Sor-Varanger",1820437.488,620.6445,1135.7,2.2,9490,-48,141
2007,"Troms",1902,"Tromso",7042715.64,16860.7466,2767.33,2.5,64492,290,766
2007,"Troms",1903,"Harstad",708840.669999999,1106.7897,1075.25,NA,0,0,NA
2007,"Troms",1911,"Kvaefjord",5875712.263,120.1642,189.03,2.3,3048,-16,34
2007,"Troms",1913,"Skanland",5376354.2,0,85.75,2.3,2883,-12,44
2007,"Troms",1917,"Ibestad",1742259.482,0,351.66,2.5,1574,-22,21
2007,"Troms",1919,"Gratangen",4525305.152,0,61.93,2.3,1226,-10,16
2007,"Troms",1920,"Lavangen",-3346723.634,0.21,22.93,2.2,1011,-7,12
2007,"Troms",1923,"Salangen",-998647.263,0,63.61,2.3,2232,-24,37
2007,"Troms",1926,"Dyroy",8194271.18,0,181.21,2.5,1265,-17,19
2007,"Troms",1927,"Tranoy",9951866.579,0,414.56,2.4,1570,-16,12
2007,"Troms",1928,"Torsken",6457290.828,3655.9175,832.68,2.5,978,-10,8
2007,"Troms",1929,"Berg",1035532.566,9007.7878,836.66,2.5,962,-11,14
2007,"Troms",1931,"Lenvik",1918767.102,2055.2981,702.95,2.4,11027,8,142
2007,"Troms",1936,"Karlsoy",3776748.969,11325.3369,4796.75,2.5,2344,-20,38
2007,"Troms",1938,"Lyngen",3938656.28,278.065,487.07,2.4,3199,-20,69
2007,"Troms",1940,"Kafjord",5069580.603,226.073,124.17,2.3,2220,6,50
2007,"Troms",1941,"Skjervoy",5466704.847,8811.731,1088,2.4,2966,-22,62
2007,"Troms",1942,"Nordreisa",4727483.259,376.2555,243.72,2.3,4699,-21,101
2007,"Troms",1943,"Kvaenangen",8471847.248,994.1214,573.01,2.4,1351,-5,24
2007,"Nordland",1804,"Bodo",143911.12,13741.1687,3431.45,2.4,45575,136,631
2007,"Nordland",1811,"Bindal",3042705.249,173.6944,641.29,2.4,1692,-21,13
2007,"Nordland",1812,"Somna",2623136.414,0.2243,594.84,2.3,2047,6,12
2007,"Nordland",1813,"Bronnoy",3824135.728,483.4109,1052.81,2.3,7548,-17,87
2007,"Nordland",1815,"Vega",1181988.261,168.8113,2756.44,2.3,1299,-7,19
2007,"Nordland",1816,"Vevelstad",5161954.959,0,122.2,2.4,504,-8,NA
2007,"Nordland",1818,"Heroy",3199425.005,585.423,2197.73,2.4,1682,7,15
2007,"Nordland",1820,"Alstahaug",3437337.553,0.3149,397.61,2.3,7225,-33,124
2007,"Nordland",1824,"Vefsn",1231114.132,0.4225,101.49,2.2,13571,-69,182
2007,"Nordland",1827,"Donna",3889541.828,465.3954,567.37,2.3,1489,-8,23
2007,"Nordland",1828,"Nesna",1324564.144,7.422,219.63,2.6,1776,-2,18
2007,"Nordland",1833,"Rana",2887685.123,3.931,128.29,2.2,25190,-32,357
2007,"Nordland",1834,"Luroy",11776185.093,403.6307,1072.51,2.5,1970,-20,29
2007,"Nordland",1835,"Traena",1453303.331,8771.0489,1777.3,2.4,446,1,NA
2007,"Nordland",1836,"Rodoy",9477855.456,944.7841,2391.77,2.5,1343,-2,19
2007,"Nordland",1837,"Meloy",7951276.578,708.1151,1872.46,2.5,6663,-12,72
2007,"Nordland",1838,"Gildeskal",7040888.45,83.8446,837.6,2.3,2081,-12,22
2007,"Nordland",1840,"Saltdal",2860968.383,0.0825,29.77,2.3,4688,17,79
2007,"Nordland",1841,"Fauske",350569.929,85.3354,84.29,2.3,9465,-10,195
2007,"Nordland",1845,"Sorfold",5889410.431,148.8564,192.04,2.4,2084,-24,42
2007,"Nordland",1848,"Steigen",10825384.149,491.2247,2475.41,2.6,2680,-2,50
2007,"Nordland",1849,"Hamaroy",5076429.863,0.0517,528.96,2.4,1771,-11,38
2007,"Nordland",1850,"Tysfjord",2242786.941,185.1352,465.3,2.5,2052,-17,45
2007,"Nordland",1851,"Lodingen",3059862.506,7363.9779,516.46,2.3,2257,-14,44
2007,"Nordland",1854,"Ballangen",746083.603,173.1761,260.93,2.4,2684,-24,33
2007,"Nordland",1859,"Flakstad",2641130.559,5651.5959,994.01,2.4,1458,1,33
2007,"Nordland",1860,"Vestvagoy",724285.009,7711.5615,1685.01,2.4,10745,-47,207
2007,"Nordland",1865,"Vagan",5630430.227,14420.0721,1608.35,2.4,8992,-29,211
2007,"Nordland",1866,"Hadsel",10085045.022,493.1676,617.87,2.4,7907,19,162
2007,"Nordland",1867,"Bo",2670691.315,5642.1676,1579.07,2.4,2899,-5,69
2007,"Nordland",1868,"Oksnes",8333309.778,12772.1205,1495.68,2.4,4486,-14,75
2007,"Nordland",1870,"Sortland",3443801.996,1810.7517,371.13,2.4,9703,-26,177
2008,"Finnmark",2004,"Hammerfest",11308631.13,9098.2344,2379.58,2.4,9407,64,94
2008,"Finnmark",2012,"Alta",8331204.678,593.5415,708.22,2.4,18272,75,220
2008,"Finnmark",2014,"Loppa",6429937.68,1539.6656,2119.69,2.4,1106,0,22
2008,"Finnmark",2017,"Kvalsund",1570039.065,0,299.43,2.6,1101,-24,18
2008,"Finnmark",2019,"Nordkapp",2579759.587,10797.3671,3172.78,2.5,3219,-20,77
2008,"Finnmark",2027,"Nesseby",1651918.804,330.1203,200.5,2.4,856,13,14
2008,"Finnmark",2030,"Sor-Varanger",2665849.513,754.3059,1135.7,2.2,9518,29,112
2008,"Troms",1902,"Tromso",4586526.313,27602.3519,2767.33,2.5,65286,472,650
2008,"Troms",1903,"Harstad",5142534.205,1042.5856,1075.25,NA,0,0,NA
2008,"Troms",1911,"Kvaefjord",5153489.988,122.6204,189.03,2.3,3036,-10,31
2008,"Troms",1913,"Skanland",2320340.735,0,85.75,2.4,2862,-21,26
2008,"Troms",1917,"Ibestad",5876019.479,0.0888,351.66,2.5,1511,-25,14
2008,"Troms",1919,"Gratangen",-1260192.711,0,61.93,2.3,1168,-6,10
2008,"Troms",1920,"Lavangen",-1152176.813,0,22.93,2.2,1010,-10,16
2008,"Troms",1926,"Dyroy",8804848.441,0,181.21,2.4,1232,-7,17
2008,"Troms",1927,"Tranoy",2656092.8,264,414.56,2.4,1579,-8,12
2008,"Troms",1928,"Torsken",6008723.042,4245.573,832.68,2.6,937,1,9
2008,"Troms",1929,"Berg",890284.611,10635.1263,836.66,2.5,937,3,NA
2008,"Troms",1931,"Lenvik",4917267.416,2378.7803,702.95,2.4,11160,13,118
2008,"Troms",1936,"Karlsoy",6493569.33,6251.2943,4796.75,2.5,2404,-14,31
2008,"Troms",1938,"Lyngen",1079817.764,270.6474,487.07,2.4,3208,7,42
2008,"Troms",1940,"Kafjord",1544602.792,266.3479,124.17,2.2,2248,-2,48
2008,"Troms",1941,"Skjervoy",8089434.994,7918.7631,1088,2.3,2934,-5,41
2008,"Troms",1942,"Nordreisa",5257632.932,421.9466,243.72,2.2,4665,-28,81
2008,"Troms",1943,"Kvaenangen",6895224.282,1233.6416,573.01,2.3,1348,-7,24
2008,"Nordland",1804,"Bodo",-45423.6,21742.5818,3431.45,2.4,46049,52,476
2008,"Nordland",1811,"Bindal",5764486.362,165.8851,641.29,2.2,1631,-16,13
2008,"Nordland",1812,"Somna",4373318.752,0,594.84,2.3,2056,7,14
2008,"Nordland",1813,"Bronnoy",4582721.223,611.2425,1052.81,2.3,7535,-30,77
2008,"Nordland",1815,"Vega",3769231.935,150.5073,2756.44,2.4,1295,-1,10
2008,"Nordland",1816,"Vevelstad",4489494.592,0,122.2,2.4,485,-3,6
2008,"Nordland",1818,"Heroy",5645228.577,812.1251,2197.73,2.5,1683,-10,25
2008,"Nordland",1820,"Alstahaug",6636540.398,0.7346,397.61,2.3,7207,19,95
2008,"Nordland",1824,"Vefsn",2453842.922,0.6754,101.49,2.2,13424,-80,172
2008,"Nordland",1827,"Donna",2325667.909,438.1183,567.37,2.5,1463,-11,20
2008,"Nordland",1828,"Nesna",1088970.686,6.6948,219.63,2.6,1792,0,26
2008,"Nordland",1833,"Rana",178397.587,4.5842,128.29,2.2,25092,86,211
2008,"Nordland",1834,"Luroy",8884879.639,521.942,1072.51,2.4,1899,-3,19
2008,"Nordland",1835,"Traena",1607253.42,16082.3172,1777.3,2.5,451,-2,NA
2008,"Nordland",1836,"Rodoy",12483918.794,1121.4246,2391.77,2.3,1314,12,17
2008,"Nordland",1837,"Meloy",5813248.01,616.9938,1872.46,2.5,6622,-20,65
2008,"Nordland",1838,"Gildeskal",11005075.767,140.8185,837.6,2.3,2046,-6,18
2008,"Nordland",1840,"Saltdal",2470413.146,0,29.77,2.3,4710,3,71
2008,"Nordland",1841,"Fauske",1347640.259,107.2359,84.29,2.3,9480,-28,168
2008,"Nordland",1845,"Sorfold",8074679.156,214.762,192.04,2.4,2000,1,26
2008,"Nordland",1848,"Steigen",13326947.78,573.7434,2475.41,2.6,2672,3,49
2008,"Nordland",1849,"Hamaroy",1092795.396,0,528.96,2.5,1761,-21,24
2008,"Nordland",1850,"Tysfjord",3970701.215,43.9423,465.3,2.3,2028,4,39
2008,"Nordland",1851,"Lodingen",7762090.932,12569.0773,516.46,2.4,2279,-17,37
2008,"Nordland",1854,"Ballangen",1085368.37,0.6976,260.93,2.4,2652,-10,50
2008,"Nordland",1859,"Flakstad",3576268.433,5639.6612,994.01,2.4,1441,-11,28
2008,"Nordland",1860,"Vestvagoy",-534414.995,7755.2085,1685.01,2.4,10710,27,164
2008,"Nordland",1865,"Vagan",12805862.315,16331.3081,1608.35,2.4,8933,-15,165
2008,"Nordland",1866,"Hadsel",3482179.297,412.6977,617.87,2.5,7970,2,119
2008,"Nordland",1867,"Bo",7146734.807,8724.1778,1579.07,2.5,2867,-37,48
2008,"Nordland",1868,"Oksnes",9161304.314,12306.8868,1495.68,2.5,4424,-8,44
2008,"Nordland",1870,"Sortland",2058748.084,1890.8294,371.13,2.4,9678,39,119
2009,"Finnmark",2004,"Hammerfest",10763139.511,9426.2186,2379.58,2.5,9493,54,170
2009,"Finnmark",2012,"Alta",13786671.476,322.5193,708.22,2.3,18488,109,366
2009,"Finnmark",2014,"Loppa",11307124.156,717.0877,2119.69,2.4,1087,-12,14
2009,"Finnmark",2017,"Kvalsund",1263144.293,0,299.43,2.3,1044,-11,21
2009,"Finnmark",2019,"Nordkapp",4577883.025,17605.9518,3172.78,2.4,3180,1,107
2009,"Finnmark",2022,"Lebesby",252806.863,3476.1966,2269.84,2.5,1332,-13,40
2009,"Finnmark",2027,"Nesseby",5735302.79,401.967,200.5,2.4,878,-4,16
2009,"Finnmark",2030,"Sor-Varanger",4879929.02,658.5564,1135.7,2.2,9623,22,110
2009,"Troms",1902,"Tromso",7928228.574,37167.7924,2767.33,2.5,66513,259,1001
2009,"Troms",1903,"Harstad",8966895.83,733.9635,1075.25,NA,0,0,NA
2009,"Troms",1911,"Kvaefjord",11881415.777,151.2761,189.03,2.3,3032,-9,35
2009,"Troms",1913,"Skanland",2024367.85,1.4958,85.75,2.3,2841,8,42
2009,"Troms",1917,"Ibestad",5547939.884,3.0073,351.66,2.3,1440,-24,20
2009,"Troms",1919,"Gratangen",1793281.285,0,61.93,2.4,1151,-11,NA
2009,"Troms",1920,"Lavangen",4741607.029,0,22.93,2.2,1023,-5,NA
2009,"Troms",1923,"Salangen",1793101.526,72.12,63.61,2.3,2203,-13,37
2009,"Troms",1926,"Dyroy",2840230.898,0,181.21,2.2,1216,1,22
2009,"Troms",1927,"Tranoy",12122017.254,0,414.56,2.4,1537,-10,17
2009,"Troms",1928,"Torsken",6134179.778,3269.6486,832.68,2.5,916,-8,26
2009,"Troms",1929,"Berg",-1629389.58,20034.8268,836.66,2.4,942,-13,9
2009,"Troms",1931,"Lenvik",5635392.601,1982.3499,702.95,2.3,11207,51,115
2009,"Troms",1936,"Karlsoy",5344853.414,5218.4267,4796.75,2.4,2383,-30,107
2009,"Troms",1938,"Lyngen",4408871.63,370.7103,487.07,2.3,3166,-10,67
2009,"Troms",1940,"Kafjord",3618065.942,150.3542,124.17,2.2,2236,2,62
2009,"Troms",1941,"Skjervoy",5531440.637,5613.4281,1088,2.3,2897,-23,58
2009,"Troms",1942,"Nordreisa",4733759.85,357.9092,243.72,2.3,4694,12,84
2009,"Troms",1943,"Kvaenangen",7863020.66,191.4851,573.01,2.4,1330,-12,NA
2009,"Nordland",1804,"Bodo",609383.949,38632.7339,3431.45,2.4,46495,143,631
2009,"Nordland",1811,"Bindal",6646897.066,156.0433,641.29,2.2,1616,-13,22
2009,"Nordland",1812,"Somna",8559734.405,0.404,594.84,2.2,2054,8,26
2009,"Nordland",1813,"Bronnoy",4879926.137,466.6478,1052.81,2.3,7597,-3,104
2009,"Nordland",1815,"Vega",734096.966,0.1106,2756.44,2.3,1288,-9,18
2009,"Nordland",1816,"Vevelstad",5003510.452,0,122.2,2.4,501,0,10
2009,"Nordland",1818,"Heroy",4873714.413,430.479,2197.73,2.5,1652,-17,37
2009,"Nordland",1820,"Alstahaug",7264618.221,1.3219,397.61,2.2,7208,-5,100
2009,"Nordland",1824,"Vefsn",1397985.876,0.3618,101.49,2.2,13342,-3,267
2009,"Nordland",1827,"Donna",6575844.095,636.6579,567.37,2.4,1432,-3,22
2009,"Nordland",1828,"Nesna",1477549.241,2.9086,219.63,2.6,1786,32,21
2009,"Nordland",1833,"Rana",3252876.185,1.4275,128.29,2.1,25281,30,434
2009,"Nordland",1834,"Luroy",13931695.636,297.7917,1072.51,2.4,1883,-17,25
2009,"Nordland",1835,"Traena",1533226.45,31881.0982,1777.3,2.4,455,25,NA
2009,"Nordland",1836,"Rodoy",9294252.654,1371.4915,2391.77,2.2,1292,-6,17
2009,"Nordland",1837,"Meloy",11903828.737,625.8358,1872.46,2.4,6641,-16,54
2009,"Nordland",1838,"Gildeskal",9525214.062,172.6542,837.6,2.3,2053,-16,14
2009,"Nordland",1840,"Saltdal",1289564.016,0,29.77,2.2,4727,16,75
2009,"Nordland",1841,"Fauske",2932498.484,3.7459,84.29,2.2,9477,30,176
2009,"Nordland",1845,"Sorfold",11852392.797,197.8965,192.04,2.3,2021,-11,40
2009,"Nordland",1848,"Steigen",13456731.718,944.6255,2475.41,2.5,2665,0,35
2009,"Nordland",1849,"Hamaroy",1774644.827,0.6,528.96,2.4,1754,-9,33
2009,"Nordland",1850,"Tysfjord",3777026.916,67.5388,465.3,2.2,2046,-4,38
2009,"Nordland",1851,"Lodingen",7592712.534,14778.7302,516.46,2.3,2242,3,46
2009,"Nordland",1854,"Ballangen",1194383.435,0,260.93,2.3,2623,-16,54
2009,"Nordland",1859,"Flakstad",2179651.487,5468.4115,994.01,2.3,1419,-12,32
2009,"Nordland",1860,"Vestvagoy",760972.79,8142.0524,1685.01,2.3,10706,5,233
2009,"Nordland",1865,"Vagan",7095041.18,26001.4232,1608.35,2.3,8976,36,182
2009,"Nordland",1866,"Hadsel",11325692.836,1632.6675,617.87,2.4,7950,12,170
2009,"Nordland",1867,"Bo",6552569.687,10705.9163,1579.07,2.4,2838,-32,54
2009,"Nordland",1868,"Oksnes",10643830.627,11953.7547,1495.68,2.4,4418,18,66
2009,"Nordland",1870,"Sortland",4119791.739,1916.543,371.13,2.3,9732,73,190
2010,"Finnmark",2004,"Hammerfest",9546299.395,12632.712,2379.58,2.4,9724,50,176
2010,"Finnmark",2012,"Alta",20675674.761,557.0957,708.22,2.3,18680,82,368
2010,"Finnmark",2014,"Loppa",6850179.179,5821.2507,2119.69,2.3,1087,-4,29
2010,"Finnmark",2017,"Kvalsund",2673101.881,20.5491,299.43,2.4,1026,-7,33
2010,"Finnmark",2019,"Nordkapp",1461757.275,17716.7457,3172.78,2.5,3185,24,91
2010,"Finnmark",2022,"Lebesby",1610053.708,4010.9313,2269.84,2.4,1342,2,41
2010,"Finnmark",2027,"Nesseby",3985609.311,547.7792,200.5,2.4,884,-1,16
2010,"Finnmark",2030,"Sor-Varanger",5071579.322,483.0486,1135.7,2.3,9738,11,151
2010,"Troms",1902,"Tromso",9373314.868,33426.828,2767.33,2.5,67305,364,1124
2010,"Troms",1903,"Harstad",10811490.85,669.8562,1075.25,NA,0,0,NA
2010,"Troms",1911,"Kvaefjord",6372649.36,188.8255,189.03,2.4,3049,-26,44
2010,"Troms",1913,"Skanland",5225820.095,1.9366,85.75,2.4,2855,18,37
2010,"Troms",1917,"Ibestad",6643258.661,1.1045,351.66,2.4,1408,2,26
2010,"Troms",1919,"Gratangen",2733414.89,0.2355,61.93,2.3,1150,-11,5
2010,"Troms",1920,"Lavangen",1203268.548,0,22.93,2.1,1012,3,19
2010,"Troms",1923,"Salangen",1258604.174,0.196,63.61,2.3,2211,-15,36
2010,"Troms",1926,"Dyroy",5251755.97,0,181.21,2.3,1233,-4,31
2010,"Troms",1927,"Tranoy",9026733.845,0,414.56,2.4,1552,-11,18
2010,"Troms",1928,"Torsken",7792125.061,6536.5415,832.68,2.4,899,4,10
2010,"Troms",1929,"Berg",2700334.356,17806.2742,836.66,2.5,926,-11,13
2010,"Troms",1931,"Lenvik",3353152.369,2557.8342,702.95,2.3,11243,-16,122
2010,"Troms",1936,"Karlsoy",9854264.045,7994.1201,4796.75,2.4,2371,2,42
2010,"Troms",1938,"Lyngen",983403.1,781.7399,487.07,2.4,3152,-9,62
2010,"Troms",1941,"Skjervoy",10052110.11,5890.5637,1088,2.3,2881,-1,71
2010,"Troms",1942,"Nordreisa",5174152.149,457.3007,243.72,2.3,4757,-7,78
2010,"Troms",1943,"Kvaenangen",10452623.385,207.6971,573.01,2.4,1316,-4,NA
2010,"Nordland",1804,"Bodo",1829795.058,19544.8934,3431.45,2.3,47282,125,614
2010,"Nordland",1811,"Bindal",6671625.013,162.2559,641.29,2.2,1601,-7,18
2010,"Nordland",1812,"Somna",5413048.378,0.045,594.84,2.3,2041,-3,27
2010,"Nordland",1813,"Bronnoy",3770497.024,393.0403,1052.81,2.3,7660,19,108
2010,"Nordland",1815,"Vega",2731278.359,0,2756.44,2.3,1288,-7,20
2010,"Nordland",1816,"Vevelstad",3506781.307,0,122.2,2.5,510,2,7
2010,"Nordland",1818,"Heroy",5694954.001,495.3045,2197.73,2.6,1618,14,22
2010,"Nordland",1820,"Alstahaug",7083720.189,959.7135,397.61,2.3,7196,7,122
2010,"Nordland",1824,"Vefsn",2713372.999,0,101.49,2.2,13388,-53,194
2010,"Nordland",1827,"Donna",1944102.914,883.8741,567.37,2.4,1431,-1,22
2010,"Nordland",1828,"Nesna",637865.923,9.6291,219.63,2.6,1786,13,27
2010,"Nordland",1833,"Rana",877819.393,3.818,128.29,2.1,25282,25,493
2010,"Nordland",1834,"Luroy",7038717.023,407.6637,1072.51,2.4,1900,1,40
2010,"Nordland",1835,"Traena",1777151.217,30210.8658,1777.3,2.5,489,9,6
2010,"Nordland",1836,"Rodoy",13690756.371,1372.7822,2391.77,2.2,1281,7,18
2010,"Nordland",1837,"Meloy",9970585.808,900.7322,1872.46,2.4,6639,10,72
2010,"Nordland",1838,"Gildeskal",5999908.777,134.1176,837.6,2.3,1996,0,27
2010,"Nordland",1840,"Saltdal",2988451.104,0,29.77,2.2,4692,-28,82
2010,"Nordland",1841,"Fauske",-3637228.847,63.6817,84.29,2.2,9552,15,177
2010,"Nordland",1845,"Sorfold",11346995.28,268.8032,192.04,2.2,1984,16,37
2010,"Nordland",1848,"Steigen",13642698.04,845.3156,2475.41,2.6,2619,7,46
2010,"Nordland",1849,"Hamaroy",5084572.402,1.9124,528.96,2.4,1752,1,26
2010,"Nordland",1850,"Tysfjord",2010012.844,196.5494,465.3,2.3,2007,-10,57
2010,"Nordland",1851,"Lodingen",5648846.404,16724.122,516.46,2.4,2181,1,40
2010,"Nordland",1854,"Ballangen",1642739.596,3.6089,260.93,2.3,2616,-12,31
2010,"Nordland",1859,"Flakstad",3126739.442,6456.9623,994.01,2.3,1369,-2,35
2010,"Nordland",1860,"Vestvagoy",-597863.874999999,7755.6235,1685.01,2.3,10674,34,182
2010,"Nordland",1865,"Vagan",14749819.321,27541.6018,1608.35,2.3,9023,5,197
2010,"Nordland",1866,"Hadsel",6293965.056,788.7272,617.87,2.3,7981,-2,136
2010,"Nordland",1867,"Bo",6814383.985,8744.0623,1579.07,2.4,2789,-13,61
2010,"Nordland",1868,"Oksnes",9399452.988,16373.9894,1495.68,2.5,4438,2,101
2010,"Nordland",1870,"Sortland",2313204.108,1628.4196,371.13,2.4,9819,-2,193
2011,"Finnmark",2004,"Hammerfest",17770586.082,9831.6257,2379.58,2.5,9912,14,168
2011,"Finnmark",2012,"Alta",15482248.776,146.3911,708.22,2.3,19071,32,326
2011,"Finnmark",2014,"Loppa",11108665.273,2695.7956,2119.69,2.4,1078,-3,21
2011,"Finnmark",2017,"Kvalsund",6160729.19,0,299.43,2.4,998,-9,17
2011,"Finnmark",2019,"Nordkapp",1570719.83,20670.2623,3172.78,2.5,3224,-6,102
2011,"Finnmark",2022,"Lebesby",3457654.572,4672.5153,2269.84,2.5,1336,10,30
2011,"Finnmark",2027,"Nesseby",3830330.977,562.8267,200.5,2.4,893,7,NA
2011,"Finnmark",2030,"Sor-Varanger",6712890.034,652.05,1135.7,2.3,9826,-9,92
2011,"Troms",1902,"Tromso",7492644.903,60187.7659,2767.33,2.5,68239,388,1001
2011,"Troms",1903,"Harstad",11338141.249,1047.1131,1075.25,NA,0,0,NA
2011,"Troms",1911,"Kvaefjord",5098656.142,186.5654,189.03,2.4,3050,-32,34
2011,"Troms",1913,"Skanland",1491205.18,0.6385,85.75,2.5,2896,28,39
2011,"Troms",1917,"Ibestad",10066139.798,1.9454,351.66,2.4,1419,-3,17
2011,"Troms",1920,"Lavangen",3178592.511,0.165,22.93,2.2,1003,7,12
2011,"Troms",1923,"Salangen",793292.125,2.5723,63.61,2.3,2179,9,31
2011,"Troms",1926,"Dyroy",6959738.182,0,181.21,2.5,1205,-6,24
2011,"Troms",1927,"Tranoy",13098526.742,0,414.56,2.4,1538,-9,15
2011,"Troms",1928,"Torsken",13293875.352,4749.9254,832.68,2.6,911,-3,13
2011,"Troms",1929,"Berg",4338387.028,17344.3874,836.66,2.3,907,6,26
2011,"Troms",1931,"Lenvik",7623195.257,3492.2569,702.95,2.3,11294,63,148
2011,"Troms",1936,"Karlsoy",8714946.023,8677.0082,4796.75,2.4,2357,-23,37
2011,"Troms",1938,"Lyngen",3275433.627,616.9603,487.07,2.4,3086,-21,37
2011,"Troms",1939,"Storfjord",-4997577,0,62.6,2.3,1894,-1,34
2011,"Troms",1940,"Kafjord",887798.704,3.3333,124.17,2.3,2185,1,54
2011,"Troms",1941,"Skjervoy",6788638.843,5642.1951,1088,2.3,2885,-15,60
2011,"Troms",1942,"Nordreisa",1310997.923,275.0851,243.72,2.3,4805,-31,68
2011,"Troms",1943,"Kvaenangen",4573893.608,615.4608,573.01,2.3,1294,-8,20
2011,"Nordland",1804,"Bodo",-365493.882,24242.9237,3431.45,2.4,47847,157,732
2011,"Nordland",1811,"Bindal",10281027.497,159.3248,641.29,2.2,1592,-12,25
2011,"Nordland",1812,"Somna",452490.777,0.1215,594.84,2.3,2025,-1,21
2011,"Nordland",1813,"Bronnoy",9803385.373,542.4367,1052.81,2.3,7719,23,122
2011,"Nordland",1815,"Vega",1422228.051,189.8769,2756.44,2.4,1270,-9,19
2011,"Nordland",1816,"Vevelstad",6772829.655,116.4606,122.2,2.4,520,-2,NA
2011,"Nordland",1818,"Heroy",1852133.961,364.5998,2197.73,2.6,1649,7,53
2011,"Nordland",1820,"Alstahaug",6866194.776,2.3208,397.61,2.4,7296,32,153
2011,"Nordland",1824,"Vefsn",935479.636,0,101.49,2.2,13307,-25,191
2011,"Nordland",1827,"Donna",7451240.866,679.7231,567.37,2.5,1449,-5,30
2011,"Nordland",1828,"Nesna",4157572.973,7.6201,219.63,2.6,1808,0,39
2011,"Nordland",1833,"Rana",3300927.639,145.769,128.29,2.2,25499,66,410
2011,"Nordland",1834,"Luroy",9249450.353,461.964,1072.51,2.5,1912,4,23
2011,"Nordland",1835,"Traena",2338948.047,22538.6882,1777.3,2.8,490,-4,9
2011,"Nordland",1836,"Rodoy",11569640.765,1220.9549,2391.77,2.3,1294,5,17
2011,"Nordland",1837,"Meloy",7879096.262,1106.9712,1872.46,2.4,6650,12,67
2011,"Nordland",1838,"Gildeskal",7800326.442,23.7825,837.6,2.2,2020,-19,38
2011,"Nordland",1840,"Saltdal",1025250.534,0,29.77,2.3,4672,-1,98
2011,"Nordland",1841,"Fauske",4098543.187,63.7541,84.29,2.3,9533,-23,186
2011,"Nordland",1845,"Sorfold",8737227.504,451.3029,192.04,2.3,1989,5,26
2011,"Nordland",1848,"Steigen",17432137.829,1389.4852,2475.41,2.5,2619,-14,58
2011,"Nordland",1849,"Hamaroy",2389759.032,0.7328,528.96,2.5,1771,-1,25
2011,"Nordland",1850,"Tysfjord",8635451.305,528.4989,465.3,2.3,2002,-14,49
2011,"Nordland",1851,"Lodingen",4683279.347,21782.9054,516.46,2.3,2196,6,28
2011,"Nordland",1854,"Ballangen",1713477.315,2.0796,260.93,2.3,2620,12,28
2011,"Nordland",1859,"Flakstad",2994134.522,8635.4137,994.01,2.2,1360,8,29
2011,"Nordland",1860,"Vestvagoy",-3192369.93,12260.7577,1685.01,2.4,10780,36,207
2011,"Nordland",1865,"Vagan",10164431.817,31914.7507,1608.35,2.4,9023,0,187
2011,"Nordland",1866,"Hadsel",10901430.102,883.1478,617.87,2.4,7924,3,130
2011,"Nordland",1867,"Bo",7366079.45,13284.6531,1579.07,2.4,2790,-42,58
2011,"Nordland",1868,"Oksnes",10490160.932,19405.8674,1495.68,2.5,4432,43,110
2011,"Nordland",1870,"Sortland",5103404.981,1691.0207,371.13,2.4,9856,44,208
2012,"Finnmark",2004,"Hammerfest",13083963.033,8427.063,2379.58,2.5,9934,-1,137
2012,"Finnmark",2012,"Alta",21676724.956,316.3778,708.22,2.4,19282,78,298
2012,"Finnmark",2014,"Loppa",13600656.098,2029.2816,2119.69,2.4,1087,-4,20
2012,"Finnmark",2017,"Kvalsund",10516535.076,0,299.43,2.3,1010,6,23
2012,"Finnmark",2018,"Masoy",5544681.861,30457.7181,2746.77,2.6,1243,4,40
2012,"Finnmark",2019,"Nordkapp",4501978.025,13614.7229,3172.78,2.7,3228,-15,89
2012,"Finnmark",2022,"Lebesby",5603964.197,4185.1328,2269.84,2.4,1356,4,38
2012,"Finnmark",2027,"Nesseby",8745886.839,444.8615,200.5,2.5,901,4,15
2012,"Finnmark",2030,"Sor-Varanger",4301646.547,534.4533,1135.7,2.4,9860,65,95
2012,"Troms",1902,"Tromso",8408254.808,46853.8555,2767.33,2.6,69116,402,971
2012,"Troms",1903,"Harstad",19610350.071,1475.9675,1075.25,2.5,0,0,NA
2012,"Troms",1911,"Kvaefjord",10608201.248,122.2752,189.03,2.4,3025,3,33
2012,"Troms",1913,"Skanland",2906232.56,0.7383,85.75,2.4,2972,3,35
2012,"Troms",1917,"Ibestad",10079890.597,0.9969,351.66,2.5,1410,0,19
2012,"Troms",1920,"Lavangen",971832.644,0,22.93,2.1,1016,-1,14
2012,"Troms",1923,"Salangen",3474028.943,3.354,63.61,2.4,2214,-9,30
2012,"Troms",1925,"Sorreisa",2316505.498,0,29.87,2.2,3381,2,36
2012,"Troms",1926,"Dyroy",7816728.931,0,181.21,2.3,1188,0,19
2012,"Troms",1927,"Tranoy",12734295.398,0,414.56,2.4,1524,0,17
2012,"Troms",1928,"Torsken",9768416.684,6127.9113,832.68,2.6,892,-5,21
2012,"Troms",1929,"Berg",4155212.161,19601.9225,836.66,2.6,887,1,12
2012,"Troms",1931,"Lenvik",5129989.853,3520.9486,702.95,2.4,11345,53,93
2012,"Troms",1936,"Karlsoy",6849693.258,13308.9133,4796.75,2.5,2355,-28,26
2012,"Troms",1938,"Lyngen",1188848.548,902.5279,487.07,2.5,3028,-8,46
2012,"Troms",1940,"Kafjord",5254781.808,7.2137,124.17,2.3,2210,-4,47
2012,"Troms",1941,"Skjervoy",13440351.026,7630.3836,1088,2.3,2880,1,63
2012,"Troms",1942,"Nordreisa",7168557.045,430.7151,243.72,2.4,4807,3,88
2012,"Troms",1943,"Kvaenangen",6166199.391,356.6899,573.01,2.3,1284,-1,24
2012,"Nordland",1804,"Bodo",912069.024,10676.1318,3431.45,2.4,48422,156,651
2012,"Nordland",1805,"Narvik",3741632.545,5.8062,200.61,2.5,18473,-4,237
2012,"Nordland",1811,"Bindal",13044111.856,98.8417,641.29,2.2,1562,3,17
2012,"Nordland",1812,"Somna",480238.012,0.0491,594.84,2.4,2038,-9,15
2012,"Nordland",1813,"Bronnoy",5475600.601,734.2796,1052.81,2.4,7778,11,88
2012,"Nordland",1815,"Vega",5335186.859,0.2928,2756.44,2.6,1256,-4,18
2012,"Nordland",1816,"Vevelstad",3313382.939,60.472,122.2,2.4,511,-3,5
2012,"Nordland",1818,"Heroy",7448047.426,384.1046,2197.73,2.6,1711,-3,38
2012,"Nordland",1820,"Alstahaug",7869309.279,0.484,397.61,2.5,7372,-17,119
2012,"Nordland",1822,"Leirfjord",1247334.467,12.09,130.95,2.6,2107,10,29
2012,"Nordland",1824,"Vefsn",3265592.397,0,101.49,2.3,13258,14,149
2012,"Nordland",1827,"Donna",3337959.17,532.8618,567.37,2.4,1433,5,23
2012,"Nordland",1828,"Nesna",4900823.503,11.1386,219.63,2.6,1813,3,25
2012,"Nordland",1833,"Rana",1885255.335,4.077,128.29,2.2,25652,41,290
2012,"Nordland",1834,"Luroy",9243651.922,498.3277,1072.51,2.4,1937,3,42
2012,"Nordland",1835,"Traena",2563013.568,13405.9958,1777.3,2.5,497,-3,8
2012,"Nordland",1836,"Rodoy",24384887.056,1086.2645,2391.77,2.3,1320,-12,13
2012,"Nordland",1837,"Meloy",9561202.982,1260.3362,1872.46,2.4,6657,-17,124
2012,"Nordland",1838,"Gildeskal",12367354.35,216.0343,837.6,2.3,2000,1,25
2012,"Nordland",1840,"Saltdal",4258574.965,0.015,29.77,2.3,4710,-3,94
2012,"Nordland",1841,"Fauske",1793594.806,39.8322,84.29,2.3,9513,-7,167
2012,"Nordland",1845,"Sorfold",9169924.582,155.6319,192.04,2.3,2003,-6,39
2012,"Nordland",1848,"Steigen",16448728.412,1014.4447,2475.41,2.5,2609,-8,53
2012,"Nordland",1849,"Hamaroy",3862092.704,0.0978,528.96,2.4,1783,5,17
2012,"Nordland",1850,"Tysfjord",12656460.563,430.6601,465.3,2.4,1956,18,45
2012,"Nordland",1851,"Lodingen",8239503.566,24478.2219,516.46,2.5,2179,38,18
2012,"Nordland",1854,"Ballangen",1386647.926,0,260.93,2.4,2616,3,33
2012,"Nordland",1859,"Flakstad",3683248.774,9977.77,994.01,2.5,1383,10,21
2012,"Nordland",1860,"Vestvagoy",4263024.405,9796.9505,1685.01,2.4,10848,-17,189
2012,"Nordland",1865,"Vagan",10619006.885,32080.6684,1608.35,2.5,9086,61,152
2012,"Nordland",1866,"Hadsel",5448915.687,829.9487,617.87,2.4,7937,27,148
2012,"Nordland",1867,"Bo",7065807.854,14565.6668,1579.07,2.5,2720,-7,54
2012,"Nordland",1868,"Oksnes",8524384.315,22465.6777,1495.68,2.6,4467,-1,97
2012,"Nordland",1870,"Sortland",4988663.652,1.11,371.13,2.4,9983,13,210
2013,"Finnmark",2004,"Hammerfest",17294321.146,7547.3656,2379.58,2.6,10072,37,132
2013,"Finnmark",2012,"Alta",21741899.001,13.9736,708.22,2.4,19646,86,322
2013,"Finnmark",2014,"Loppa",11047063.736,498.6596,2119.69,2.6,1070,-8,30
2013,"Finnmark",2017,"Kvalsund",5203841.074,22,299.43,2.5,1036,-1,24
2013,"Finnmark",2018,"Masoy",3879185.738,34820.2564,2746.77,2.5,1240,5,31
2013,"Finnmark",2019,"Nordkapp",4021170.019,13180.826,3172.78,2.7,3205,-1,106
2013,"Finnmark",2022,"Lebesby",7408071.581,3861.5517,2269.84,2.3,1339,-10,34
2013,"Finnmark",2027,"Nesseby",3947129.526,376.9284,200.5,2.8,882,5,11
2013,"Finnmark",2030,"Sor-Varanger",10840434.3,231.6212,1135.7,2.4,9968,46,107
2013,"Troms",1902,"Tromso",11727016.5,49214.001,2767.33,2.6,70358,460,884
2013,"Troms",1903,"Harstad",13308862.336,2033.8865,1075.25,2.5,24291,18,277
2013,"Troms",1911,"Kvaefjord",5820023.285,4.1853,189.03,2.5,3082,5,41
2013,"Troms",1913,"Skanland",5265926.05,0.549,85.75,2.5,2940,-5,33
2013,"Troms",1917,"Ibestad",9190968.97,0.3375,351.66,2.4,1421,0,8
2013,"Troms",1919,"Gratangen",1303402.22,0.4384,61.93,2.4,1119,3,NA
2013,"Troms",1920,"Lavangen",4904564.752,0,22.93,2.1,1012,-5,19
2013,"Troms",1923,"Salangen",6822275.782,1.974,63.61,2.5,2220,1,30
2013,"Troms",1925,"Sorreisa",1101828.267,0,29.87,2.3,3407,5,28
2013,"Troms",1926,"Dyroy",6380741.451,0,181.21,2.3,1190,-4,19
2013,"Troms",1927,"Tranoy",16636370.91,0,414.56,2.4,1514,11,15
2013,"Troms",1928,"Torsken",8390578.843,6221.5239,832.68,2.7,880,4,17
2013,"Troms",1929,"Berg",8481815.43,20888.0971,836.66,2.7,924,-8,23
2013,"Troms",1931,"Lenvik",7241371.297,3131.4473,702.95,2.4,11455,1,101
2013,"Troms",1936,"Karlsoy",6822924.562,11294.8844,4796.75,2.5,2317,18,24
2013,"Troms",1938,"Lyngen",4233054.06,788.4934,487.07,2.5,3013,-11,40
2013,"Troms",1940,"Kafjord",2954213.14,0.7385,124.17,2.5,2208,-2,40
2013,"Troms",1941,"Skjervoy",11559320.543,5429.7642,1088,2.3,2905,-3,70
2013,"Troms",1942,"Nordreisa",6152874.653,674.8357,243.72,2.5,4850,2,79
2013,"Troms",1943,"Kvaenangen",8685861.148,152.0577,573.01,2.3,1245,-17,14
2013,"Nordland",1804,"Bodo",3519859.052,2881.0543,3431.45,2.4,49203,186,718
2013,"Nordland",1805,"Narvik",308305.196,5.8293,200.61,2.5,18509,63,289
2013,"Nordland",1811,"Bindal",8523019.344,74.8181,641.29,2.4,1545,-15,18
2013,"Nordland",1812,"Somna",5440795.263,0,594.84,2.5,2033,2,20
2013,"Nordland",1813,"Bronnoy",14332467.716,79.9828,1052.81,2.5,7859,13,90
2013,"Nordland",1815,"Vega",3402622.929,182.3868,2756.44,2.6,1238,-5,13
2013,"Nordland",1816,"Vevelstad",6977795.737,156.3024,122.2,2.3,500,4,NA
2013,"Nordland",1818,"Heroy",7774362.509,377.5917,2197.73,2.6,1759,-12,78
2013,"Nordland",1820,"Alstahaug",5035320.386,0.592,397.61,2.5,7361,47,131
2013,"Nordland",1822,"Leirfjord",-11211.884,10.8896,130.95,2.6,2144,2,24
2013,"Nordland",1824,"Vefsn",1389717.339,0,101.49,2.3,13252,14,140
2013,"Nordland",1827,"Donna",8026238.081,654.974,567.37,2.5,1431,-15,21
2013,"Nordland",1828,"Nesna",3652797.093,14.6198,219.63,2.7,1875,23,27
2013,"Nordland",1833,"Rana",5255162.955,126.3578,128.29,2.3,25752,27,252
2013,"Nordland",1834,"Luroy",12541029.484,371.4782,1072.51,2.3,1916,8,26
2013,"Nordland",1835,"Traena",1449241.021,13402.2908,1777.3,2.6,506,-6,3
2013,"Nordland",1836,"Rodoy",18218903.564,903.4805,2391.77,2.4,1310,0,17
2013,"Nordland",1837,"Meloy",4695951.202,682.5359,1872.46,2.5,6582,-16,208
2013,"Nordland",1838,"Gildeskal",11640384.411,17.1155,837.6,2.4,2006,3,61
2013,"Nordland",1840,"Saltdal",1331181.743,0.678,29.77,2.4,4745,-13,92
2013,"Nordland",1841,"Fauske",1724650.592,35.7708,84.29,2.4,9513,-5,155
2013,"Nordland",1845,"Sorfold",12402546.786,57.6409,192.04,2.4,1981,5,38
2013,"Nordland",1848,"Steigen",14714675.488,827.9565,2475.41,2.7,2552,-15,26
2013,"Nordland",1849,"Hamaroy",3499569.987,0.615,528.96,2.5,1791,-1,24
2013,"Nordland",1850,"Tysfjord",17433390.171,300.2018,465.3,2.5,1978,-7,53
2013,"Nordland",1851,"Lodingen",3788311.045,20006.472,516.46,2.8,2220,5,28
2013,"Nordland",1854,"Ballangen",4552448.536,0,260.93,2.4,2599,-7,35
2013,"Nordland",1859,"Flakstad",1113827.834,11213.2257,994.01,2.5,1376,5,28
2013,"Nordland",1860,"Vestvagoy",4139547.481,15086.058,1685.01,2.5,10870,12,189
2013,"Nordland",1865,"Vagan",4771884.996,18990.4161,1608.35,2.6,9207,-6,174
2013,"Nordland",1866,"Hadsel",15554617.067,2201.4102,617.87,2.5,8050,-22,161
2013,"Nordland",1867,"Bo",5497341.495,4332.2728,1579.07,2.5,2654,5,43
2013,"Nordland",1868,"Oksnes",9114314.722,28093.5146,1495.68,2.6,4472,23,92
2013,"Nordland",1870,"Sortland",4564335.384,2263.4421,371.13,2.5,10082,-2,202
2014,"Finnmark",2004,"Hammerfest",10772285.312,5589.6016,2379.58,2.6,10287,12,171
2014,"Finnmark",2012,"Alta",21670551.886,9.6623,708.22,2.4,19822,22,306
2014,"Finnmark",2014,"Loppa",9887530.108,0.3455,2119.69,2.5,1027,-13,24
2014,"Finnmark",2017,"Kvalsund",11691685.968,0,299.43,2.6,1051,-6,25
2014,"Finnmark",2018,"Masoy",13252422.308,38833.4443,2746.77,2.6,1241,4,38
2014,"Finnmark",2019,"Nordkapp",4006069.776,17688.7847,3172.78,2.9,3213,17,88
2014,"Finnmark",2022,"Lebesby",11503761.302,3927.5996,2269.84,2.5,1341,-4,37
2014,"Finnmark",2027,"Nesseby",1613815.465,495.2187,200.5,2.8,919,-5,16
2014,"Finnmark",2030,"Sor-Varanger",6222480.997,317.945,1135.7,2.4,10090,39,172
2014,"Troms",1902,"Tromso",11060076.524,48910.7529,2767.33,2.6,71590,476,871
2014,"Troms",1903,"Harstad",18799489.259,1137.2222,1075.25,2.6,24441,84,325
2014,"Troms",1911,"Kvaefjord",6145634.622,28.7583,189.03,2.5,3107,-8,42
2014,"Troms",1913,"Skanland",3635994.656,0.8705,85.75,2.4,2951,-17,41
2014,"Troms",1917,"Ibestad",15865706.32,0.8055,351.66,2.6,1436,-16,9
2014,"Troms",1919,"Gratangen",1664713.098,0.3308,61.93,2.5,1135,5,14
2014,"Troms",1920,"Lavangen",205847.029,0,22.93,2.2,1014,-10,17
2014,"Troms",1923,"Salangen",5488051.908,0,63.61,2.5,2223,16,23
2014,"Troms",1925,"Sorreisa",3842584.651,0,29.87,2.3,3450,8,44
2014,"Troms",1926,"Dyroy",14654099.753,0,181.21,2.4,1171,-2,18
2014,"Troms",1927,"Tranoy",10861322.151,0,414.56,2.5,1510,23,17
2014,"Troms",1928,"Torsken",16787444.844,6313.1575,832.68,2.7,878,13,22
2014,"Troms",1929,"Berg",1673129.041,26642.9082,836.66,2.8,918,1,26
2014,"Troms",1931,"Lenvik",8145712.187,4356.6206,702.95,2.4,11557,0,104
2014,"Troms",1936,"Karlsoy",12658955.98,14738.0617,4796.75,2.6,2334,-2,33
2014,"Troms",1938,"Lyngen",1117893.985,496.5471,487.07,2.5,2992,5,33
2014,"Troms",1940,"Kafjord",1068254.918,122.1118,124.17,2.5,2221,-17,41
2014,"Troms",1941,"Skjervoy",11900194.55,3330.1658,1088,2.4,2881,-9,72
2014,"Troms",1942,"Nordreisa",2600900.94,321.7371,243.72,2.5,4854,17,75
2014,"Troms",1943,"Kvaenangen",18028502.448,172.3151,573.01,2.5,1234,-8,18
2014,"Nordland",1804,"Bodo",1306780.987,1379.7514,3431.45,2.5,49731,155,695
2014,"Nordland",1805,"Narvik",1846597.281,2.5957,200.61,2.5,18705,11,314
2014,"Nordland",1811,"Bindal",11077227.009,98.7438,641.29,2.4,1503,-11,24
2014,"Nordland",1812,"Somna",1834545.75,0.18,594.84,2.5,2047,15,20
2014,"Nordland",1813,"Bronnoy",7545115.99,307.8876,1052.81,2.5,7897,17,138
2014,"Nordland",1815,"Vega",6543595.06,149.477,2756.44,2.8,1223,-5,18
2014,"Nordland",1816,"Vevelstad",3974875.31,0.1938,122.2,2.5,495,2,NA
2014,"Nordland",1818,"Heroy",8904930.968,247.2866,2197.73,2.5,1733,12,86
2014,"Nordland",1820,"Alstahaug",7133173.703,0,397.61,2.6,7394,19,117
2014,"Nordland",1824,"Vefsn",2689282.299,0.15,101.49,2.3,13286,22,185
2014,"Nordland",1827,"Donna",4682794.409,652.3838,567.37,2.6,1420,-3,22
2014,"Nordland",1828,"Nesna",3572759.036,27.307,219.63,2.7,1902,-4,26
2014,"Nordland",1833,"Rana",1472815.242,155.4664,128.29,2.3,25943,50,333
2014,"Nordland",1834,"Luroy",9180472.869,292.1703,1072.51,2.5,1901,10,44
2014,"Nordland",1835,"Traena",2703367.972,8136.4626,1777.3,2.7,489,3,8
2014,"Nordland",1836,"Rodoy",25627413.763,937.7021,2391.77,2.4,1305,-9,15
2014,"Nordland",1837,"Meloy",12091134.997,671.2805,1872.46,2.5,6491,-27,146
2014,"Nordland",1838,"Gildeskal",16813986.453,144.2431,837.6,2.4,2023,17,32
2014,"Nordland",1840,"Saltdal",958565.507,0,29.77,2.5,4690,13,92
2014,"Nordland",1841,"Fauske",1803549.195,39.7521,84.29,2.4,9556,4,161
2014,"Nordland",1845,"Sorfold",12386482.827,65.9588,192.04,2.4,1987,-4,39
2014,"Nordland",1848,"Steigen",22485096.573,657.1864,2475.41,2.8,2579,-17,40
2014,"Nordland",1849,"Hamaroy",2558141.786,0.3083,528.96,2.6,1820,-16,22
2014,"Nordland",1850,"Tysfjord",19608758.458,345.2141,465.3,2.6,2000,9,40
2014,"Nordland",1851,"Lodingen",5510657.06,21512.373,516.46,2.8,2248,-18,31
2014,"Nordland",1854,"Ballangen",4577458.963,0,260.93,2.5,2591,-8,37
2014,"Nordland",1859,"Flakstad",2641325.291,14559.633,994.01,2.5,1368,-17,23
2014,"Nordland",1860,"Vestvagoy",1192253.771,14324.8509,1685.01,2.5,10997,41,204
2014,"Nordland",1865,"Vagan",7113314.657,18727.3232,1608.35,2.6,9223,-5,151
2014,"Nordland",1866,"Hadsel",12488698.437,2505.178,617.87,2.6,8112,3,159
2014,"Nordland",1867,"Bo",2327203.308,4591.1914,1579.07,2.6,2642,0,64
2014,"Nordland",1868,"Oksnes",7496743.307,33716.716,1495.68,2.8,4562,26,130
2014,"Nordland",1870,"Sortland",7159376,1452.981,371.13,2.5,10129,8,197
2015,"Finnmark",2004,"Hammerfest",15770201.343,3961.0817,2379.58,2.7,10417,-24,175
2015,"Finnmark",2012,"Alta",24729517.729,38.8499,708.22,2.4,19898,84,229
2015,"Finnmark",2014,"Loppa",11376774.749,0,2119.69,2.6,989,-9,NA
2015,"Finnmark",2015,"Hasvik",5256382.458,17708.1442,2212.36,2.5,1041,15,45
2015,"Finnmark",2017,"Kvalsund",918265.366999999,0,299.43,2.6,1049,-5,17
2015,"Finnmark",2018,"Masoy",1277780.113,31013.5498,2746.77,2.7,1241,-2,33
2015,"Finnmark",2019,"Nordkapp",3862343.789,18384.1592,3172.78,3,3278,9,61
2015,"Finnmark",2022,"Lebesby",6333916.383,3549.0349,2269.84,2.5,1343,-5,31
2015,"Finnmark",2027,"Nesseby",3170553.708,611.1042,200.5,2.9,934,-1,14
2015,"Finnmark",2030,"Sor-Varanger",2258143.975,280.059,1135.7,2.5,10221,-16,153
2015,"Troms",1902,"Tromso",13912731.627,34170.8704,2767.33,2.6,72681,306,814
2015,"Troms",1903,"Harstad",21540669.003,2055.8209,1075.25,2.6,24676,-18,289
2015,"Troms",1911,"Kvaefjord",9591426.144,169.9668,189.03,2.5,3076,-35,34
2015,"Troms",1913,"Skanland",11295940.477,0.3355,85.75,2.4,2988,0,32
2015,"Troms",1917,"Ibestad",9546823.164,0.6888,351.66,2.6,1410,8,14
2015,"Troms",1919,"Gratangen",3584969.753,0.2123,61.93,2.5,1137,-8,9
2015,"Troms",1920,"Lavangen",1710438.229,0,22.93,2.5,1008,12,NA
2015,"Troms",1923,"Salangen",5719122.623,0.469,63.61,2.6,2219,15,28
2015,"Troms",1926,"Dyroy",5049261.727,0,181.21,2.3,1154,-9,16
2015,"Troms",1927,"Tranoy",13688397.471,0,414.56,2.6,1544,4,11
2015,"Troms",1928,"Torsken",3861498.687,5397.903,832.68,3.4,884,2,20
2015,"Troms",1929,"Berg",14063058.037,20169.3855,836.66,2.8,905,-1,NA
2015,"Troms",1931,"Lenvik",23825092.098,3870.323,702.95,2.5,11535,16,93
2015,"Troms",1936,"Karlsoy",12074299.74,16598.8401,4796.75,2.7,2289,-19,23
2015,"Troms",1938,"Lyngen",2709209.792,388.6885,487.07,2.5,2922,-14,38
2015,"Troms",1940,"Kafjord",3988041.962,200.867,124.17,2.5,2182,-3,30
2015,"Troms",1941,"Skjervoy",6757609.083,6015.6273,1088,2.5,2895,-8,35
2015,"Troms",1942,"Nordreisa",10023091.407,211.795,243.72,2.5,4882,14,72
2015,"Troms",1943,"Kvaenangen",2906603.652,345.1761,573.01,2.5,1226,2,NA
2015,"Nordland",1804,"Bodo",4676249.41,1619.6486,3431.45,2.5,50185,69,597
2015,"Nordland",1805,"Narvik",3264841.836,5.011,200.61,2.5,18853,-48,254
2015,"Nordland",1811,"Bindal",15467383.728,85.7883,641.29,2.5,1482,-3,NA
2015,"Nordland",1813,"Bronnoy",17987346.246,317.0469,1052.81,2.6,7934,14,129
2015,"Nordland",1815,"Vega",2191715.575,191.9702,2756.44,2.8,1225,6,16
2015,"Nordland",1816,"Vevelstad",6882954.904,0,122.2,2.5,510,2,NA
2015,"Nordland",1818,"Heroy",9011780.61,203.3852,2197.73,2.7,1737,-4,19
2015,"Nordland",1820,"Alstahaug",5815578.458,0,397.61,2.6,7454,18,97
2015,"Nordland",1822,"Leirfjord",88218.569,12.25,130.95,2.7,2188,0,26
2015,"Nordland",1824,"Vefsn",1784531.58,0.0675,101.49,2.3,13352,23,168
2015,"Nordland",1827,"Donna",11708101.356,474.4753,567.37,2.5,1407,-7,8
2015,"Nordland",1828,"Nesna",5088542.52,25.5062,219.63,2.8,1871,-8,22
2015,"Nordland",1833,"Rana",3835988.836,0.976,128.29,2.3,26078,-15,293
2015,"Nordland",1834,"Luroy",11060563.253,312.141,1072.51,2.5,1917,-1,19
2015,"Nordland",1835,"Traena",1456412.123,9009.7855,1777.3,3.1,486,2,8
2015,"Nordland",1836,"Rodoy",23630281.838,774.3977,2391.77,2.5,1269,8,9
2015,"Nordland",1837,"Meloy",10101387.261,619.5177,1872.46,2.5,6454,6,87
2015,"Nordland",1838,"Gildeskal",18247356.309,333.8362,837.6,2.5,2014,-8,14
2015,"Nordland",1840,"Saltdal",4560026.337,0.07,29.77,2.4,4734,-21,70
2015,"Nordland",1841,"Fauske",1562955.413,17.8589,84.29,2.4,9622,-10,134
2015,"Nordland",1845,"Sorfold",10743498.343,70.0944,192.04,2.4,1953,-4,21
2015,"Nordland",1848,"Steigen",18058331.9,691.4089,2475.41,2.7,2507,-11,28
2015,"Nordland",1849,"Hamaroy",958856.55,0,528.96,2.7,1811,-11,26
2015,"Nordland",1850,"Tysfjord",18262004.096,85.8221,465.3,2.4,1996,0,23
2015,"Nordland",1851,"Lodingen",6695620.456,18577.9375,516.46,2.9,2160,-3,21
2015,"Nordland",1854,"Ballangen",2120746.001,0,260.93,2.4,2581,-7,30
2015,"Nordland",1860,"Vestvagoy",-516002.322,14554.4109,1685.01,2.6,11140,12,195
2015,"Nordland",1865,"Vagan",-57751.5529999998,20923.5588,1608.35,2.7,9285,34,99
2015,"Nordland",1866,"Hadsel",7800060.707,2150.7805,617.87,2.6,8057,12,129
2015,"Nordland",1867,"Bo",5648764.667,3583.649,1579.07,2.6,2642,4,56
2015,"Nordland",1868,"Oksnes",6520647.005,30009.7565,1495.68,2.9,4563,-7,129
2015,"Nordland",1870,"Sortland",7971764.233,1018.6305,371.13,2.5,10166,50,172
2015,"Nordland",1874,"Moskenes",477791.66,8034.2224,1473.84,2.8,1070,-2,27
2016,"Finnmark",2004,"Hammerfest",15690328.341,4887.1883,2379.58,2.7,10455,39,191
2016,"Finnmark",2012,"Alta",26874818.369,27.014,708.22,2.5,20097,98,196
2016,"Finnmark",2014,"Loppa",1755554.043,64.6618,2119.69,2.7,951,16,9
2016,"Finnmark",2015,"Hasvik",3326018.65,22301.2975,2212.36,2.6,1054,-5,45
2016,"Finnmark",2017,"Kvalsund",5621656.376,0,299.43,2.6,1035,5,18
2016,"Finnmark",2018,"Masoy",7155219.101,30215.6165,2746.77,2.7,1215,-3,38
2016,"Finnmark",2019,"Nordkapp",4847358.964,13367.4768,3172.78,3,3276,3,67
2016,"Finnmark",2022,"Lebesby",13187755.056,3379.1851,2269.84,3.1,1318,5,29
2016,"Finnmark",2027,"Nesseby",5661952.868,271.2921,200.5,2.8,959,-6,14
2016,"Finnmark",2030,"Sor-Varanger",2142776.713,440.9803,1135.7,2.5,10227,-16,188
2016,"Troms",1902,"Tromso",17424863.817,34786.0904,2767.33,2.6,73480,296,760
2016,"Troms",1903,"Harstad",17325681.362,1706.2248,1075.25,2.6,24695,47,294
2016,"Troms",1911,"Kvaefjord",7459150.973,158.0057,189.03,2.5,3029,-3,31
2016,"Troms",1913,"Skanland",3926087.421,0,85.75,2.4,3041,9,53
2016,"Troms",1917,"Ibestad",13589719.928,0.3825,351.66,2.5,1403,-1,10
2016,"Troms",1919,"Gratangen",4176625.472,0,61.93,2.4,1137,-14,13
2016,"Troms",1920,"Lavangen",4741566.809,0,22.93,2.6,1051,7,13
2016,"Troms",1923,"Salangen",671565.394,0,63.61,2.4,2230,-17,21
2016,"Troms",1926,"Dyroy",17191127.883,0,181.21,2.5,1158,-4,17
2016,"Troms",1927,"Tranoy",18274447.386,0,414.56,2.7,1543,-3,18
2016,"Troms",1928,"Torsken",9876520.029,5345.9129,832.68,3,913,1,12
2016,"Troms",1929,"Berg",6650728.897,20378.4858,836.66,2.8,915,0,10
2016,"Troms",1931,"Lenvik",9105622.742,3734.6562,702.95,2.5,11618,-15,125
2016,"Troms",1936,"Karlsoy",9271767.186,13398.4092,4796.75,2.8,2282,1,38
2016,"Troms",1938,"Lyngen",1054673.723,384.7462,487.07,2.6,2861,13,32
2016,"Troms",1940,"Kafjord",1651429.673,130.4095,124.17,2.6,2150,-8,31
2016,"Troms",1941,"Skjervoy",19530713.428,4121.2523,1088,2.5,2920,-16,34
2016,"Troms",1942,"Nordreisa",722076.194,194.0304,243.72,2.6,4895,-5,60
2016,"Troms",1943,"Kvaenangen",10459894.701,339.0626,573.01,2.5,1231,2,13
2016,"Nordland",1804,"Bodo",6366959.747,523.6387,3431.45,2.5,50488,80,488
2016,"Nordland",1805,"Narvik",416946.021,1.836,200.61,2.5,18787,-27,245
2016,"Nordland",1811,"Bindal",18479737.627,111.2793,641.29,2.5,1465,10,13
2016,"Nordland",1812,"Somna",664515.414,0,594.84,2.6,2031,3,17
2016,"Nordland",1813,"Bronnoy",10156519.455,411.1861,1052.81,2.5,7962,-32,141
2016,"Nordland",1815,"Vega",5952267.679,187.8922,2756.44,2.8,1244,2,11
2016,"Nordland",1816,"Vevelstad",4584052.021,0,122.2,2.7,507,-1,NA
2016,"Nordland",1818,"Heroy",12404904.322,265.7307,2197.73,2.8,1743,16,22
2016,"Nordland",1820,"Alstahaug",8742321.288,0,397.61,2.5,7437,9,82
2016,"Nordland",1822,"Leirfjord",3696745.341,13.2,130.95,2.8,2216,-10,31
2016,"Nordland",1824,"Vefsn",2364836.695,0,101.49,2.4,13427,-28,112
2016,"Nordland",1827,"Donna",11446670.452,368.328,567.37,2.8,1402,9,5
2016,"Nordland",1828,"Nesna",2476427.174,5.3286,219.63,2.8,1838,0,11
2016,"Nordland",1833,"Rana",2871541.914,0.1037,128.29,2.3,26039,39,285
2016,"Nordland",1834,"Luroy",12133265.75,251.5749,1072.51,2.5,1923,18,38
2016,"Nordland",1835,"Traena",2531493.804,8167.2144,1777.3,2.8,478,-7,9
2016,"Nordland",1836,"Rodoy",9554862.769,713.2439,2391.77,2.5,1268,-8,NA
2016,"Nordland",1837,"Meloy",13718700.027,600.3729,1872.46,2.5,6471,-15,86
2016,"Nordland",1838,"Gildeskal",15284145.419,93.3592,837.6,2.6,2043,-4,17
2016,"Nordland",1840,"Saltdal",4691809.58,0.2648,29.77,2.4,4700,-8,58
2016,"Nordland",1841,"Fauske",1986211.462,0,84.29,2.4,9604,14,94
2016,"Nordland",1845,"Sorfold",7700553.554,66.6564,192.04,2.3,1963,-7,24
2016,"Nordland",1848,"Steigen",18608615.291,687.6789,2475.41,2.7,2543,2,26
2016,"Nordland",1849,"Hamaroy",5379646.794,0,528.96,2.8,1824,7,46
2016,"Nordland",1850,"Tysfjord",15399565.426,117.3934,465.3,2.4,1974,-2,25
2016,"Nordland",1851,"Lodingen",6548344.1,15941.7636,516.46,2.8,2144,-16,33
2016,"Nordland",1853,"Evenes",-40593.439,0,137.56,2.6,1400,3,10
2016,"Nordland",1854,"Ballangen",6550896.01,0,260.93,2.5,2556,-8,25
2016,"Nordland",1859,"Flakstad",1498282.052,10696.1431,994.01,2.8,1336,20,37
2016,"Nordland",1860,"Vestvagoy",1808757.632,11266.4411,1685.01,2.6,11198,-12,203
2016,"Nordland",1865,"Vagan",4952483.417,18978.575,1608.35,2.6,9350,7,116
2016,"Nordland",1866,"Hadsel",11543648.395,2414.9954,617.87,2.6,8082,-24,85
2016,"Nordland",1867,"Bo",3836784.777,3520.2056,1579.07,2.7,2632,-15,47
2016,"Nordland",1868,"Oksnes",8236212.294,29313.8358,1495.68,2.9,4529,27,106
2016,"Nordland",1870,"Sortland",4518406.572,251.533,371.13,2.5,10214,69,166
2017,"Finnmark",2004,"Hammerfest",15328573.511,6555.1556,2379.58,2.8,10527,55,162
2017,"Finnmark",2012,"Alta",19968982.645,43.9571,708.22,2.5,20446,60,190
2017,"Finnmark",2014,"Loppa",18562128.838,1395.4877,2119.69,2.8,968,-26,11
2017,"Finnmark",2015,"Hasvik",3082923.567,18980.5945,2212.36,2.7,1037,-7,51
2017,"Finnmark",2017,"Kvalsund",8966647.877,0,299.43,2.6,1027,7,21
2017,"Finnmark",2018,"Masoy",12002508.783,30524.3866,2746.77,2.9,1204,21,22
2017,"Finnmark",2019,"Nordkapp",6635187.029,18506.5334,3172.78,2.9,3291,-16,62
2017,"Finnmark",2022,"Lebesby",8458312.65,3320.2438,2269.84,3.1,1330,15,17
2017,"Finnmark",2027,"Nesseby",9807316.223,598.7989,200.5,2.7,951,2,11
2017,"Finnmark",2028,"Batsfjord",3304081.298,17331.2127,1379.46,2.8,2267,6,40
2017,"Finnmark",2030,"Sor-Varanger",-69444.1359999999,623.6588,1135.7,2.5,10199,-11,136
2017,"Troms",1902,"Tromso",18023708.898,34666.4438,2767.33,2.6,74541,499,609
2017,"Troms",1903,"Harstad",29901106.657,1882.3199,1075.25,2.6,24845,9,212
2017,"Troms",1911,"Kvaefjord",4151720.05,77.4026,189.03,2.5,2986,-9,25
2017,"Troms",1913,"Skanland",12531227.105,0,85.75,2.4,3048,-2,28
2017,"Troms",1917,"Ibestad",15299263.857,0.2579,351.66,2.5,1394,9,26
2017,"Troms",1919,"Gratangen",3216945.127,0,61.93,2.5,1121,10,16
2017,"Troms",1920,"Lavangen",5568834.216,0,22.93,2.5,1076,4,12
2017,"Troms",1923,"Salangen",1042008.226,0,63.61,2.5,2220,21,15
2017,"Troms",1926,"Dyroy",6600940.513,0,181.21,2.5,1138,3,15
2017,"Troms",1927,"Tranoy",5143142.119,0,414.56,2.7,1540,4,10
2017,"Troms",1928,"Torsken",13136901.136,4185.4325,832.68,3,921,2,19
2017,"Troms",1929,"Berg",16681766.203,26215.3489,836.66,2.9,914,-11,NA
2017,"Troms",1931,"Lenvik",12842148.979,4678.5651,702.95,2.6,11697,26,95
2017,"Troms",1936,"Karlsoy",19673158.398,12573.8942,4796.75,2.7,2273,6,22
2017,"Troms",1938,"Lyngen",4712700.525,379.8928,487.07,2.6,2876,0,23
2017,"Troms",1940,"Kafjord",2625382.134,133.2153,124.17,2.6,2132,9,30
2017,"Troms",1941,"Skjervoy",14979700.646,7821.5598,1088,2.6,2912,-9,29
2017,"Troms",1942,"Nordreisa",2593190.888,209.0182,243.72,2.6,4919,0,58
2017,"Troms",1943,"Kvaenangen",9692142.276,229.8803,573.01,2.7,1233,4,13
2017,"Nordland",1804,"Bodo",11617948.237,3403.4191,3431.45,2.6,51022,101,396
2017,"Nordland",1811,"Bindal",24436006.931,114.1829,641.29,2.4,1473,3,10
2017,"Nordland",1812,"Somna",3967874.164,0,594.84,2.7,2047,3,11
2017,"Nordland",1813,"Bronnoy",12554246.763,301.6343,1052.81,2.6,7956,-6,77
2017,"Nordland",1815,"Vega",3407408.171,142.8671,2756.44,2.9,1234,-5,5
2017,"Nordland",1816,"Vevelstad",3862184.978,0,122.2,2.9,528,-5,3
2017,"Nordland",1818,"Heroy",13865990.856,179.6752,2197.73,2.7,1788,-6,23
2017,"Nordland",1820,"Alstahaug",2548072.571,0,397.61,2.6,7428,16,88
2017,"Nordland",1822,"Leirfjord",1185792.715,13.365,130.95,2.7,2278,-1,25
2017,"Nordland",1824,"Vefsn",2477282.39,0,101.49,2.4,13465,19,67
2017,"Nordland",1827,"Donna",15062580.784,601.6462,567.37,2.7,1410,-13,10
2017,"Nordland",1828,"Nesna",2099367.216,6.0016,219.63,2.7,1837,23,18
2017,"Nordland",1833,"Rana",7141994.147,2.0406,128.29,2.3,26101,27,204
2017,"Nordland",1834,"Luroy",17954215.234,173.7112,1072.51,2.5,1920,7,7
2017,"Nordland",1835,"Traena",1450600.64,6048.0607,1777.3,2.7,465,-8,NA
2017,"Nordland",1836,"Rodoy",12329393.695,593.0948,2391.77,2.5,1267,-6,7
2017,"Nordland",1837,"Meloy",11603015.292,519.1036,1872.46,2.5,6435,-30,54
2017,"Nordland",1838,"Gildeskal",13835342.188,27.8654,837.6,2.7,2024,-6,11
2017,"Nordland",1840,"Saltdal",2239712.084,0,29.77,2.3,4702,50,44
2017,"Nordland",1841,"Fauske",1665406.915,1.4165,84.29,2.4,9729,31,82
2017,"Nordland",1845,"Sorfold",9202615.661,66.6722,192.04,2.4,1958,7,19
2017,"Nordland",1848,"Steigen",20875791.742,497.7428,2475.41,2.8,2543,-9,18
2017,"Nordland",1849,"Hamaroy",2223077.885,0,528.96,2.6,1810,-16,19
2017,"Nordland",1850,"Tysfjord",6671599.393,127.5795,465.3,2.3,1960,1,33
2017,"Nordland",1851,"Lodingen",7335240.152,14841.2671,516.46,2.8,2134,-1,22
2017,"Nordland",1852,"Tjeldsund",2788370.905,0,125.56,2.3,1252,-14,7
2017,"Nordland",1854,"Ballangen",7280738.337,0,260.93,2.6,2554,-3,26
2017,"Nordland",1859,"Flakstad",1961830.13,10839.1845,994.01,2.8,1349,-10,34
2017,"Nordland",1860,"Vestvagoy",4220969.679,12494.6718,1685.01,2.6,11294,23,162
2017,"Nordland",1865,"Vagan",4478682.029,21469.1884,1608.35,2.7,9444,62,127
2017,"Nordland",1866,"Hadsel",12793400.349,570.121,617.87,2.6,8009,8,73
2017,"Nordland",1867,"Bo",7579806.096,2800.7034,1579.07,2.7,2624,-2,28
2017,"Nordland",1868,"Oksnes",9998583.7,27125.3317,1495.68,2.8,4580,14,76
2017,"Nordland",1870,"Sortland",7631004.864,23.7208,371.13,2.6,10378,33,106
2018,"Finnmark",2004,"Hammerfest",20454635.399,0,2379.58,2.8,10533,-5,140
2018,"Finnmark",2012,"Alta",24107928.652,0,708.22,2.5,20635,18,226
2018,"Finnmark",2014,"Loppa",6756424.568,0,2119.69,2.9,941,-14,18
2018,"Finnmark",2015,"Hasvik",8718427.188,0,2212.36,2.7,1022,-5,57
2018,"Finnmark",2017,"Kvalsund",12590853.362,0,299.43,2.6,1027,0,15
2018,"Finnmark",2018,"Masoy",9653859.332,0,2746.77,3.1,1231,18,26
2018,"Finnmark",2019,"Nordkapp",4175546.16,1456220,3172.78,3.1,3239,-11,69
2018,"Finnmark",2022,"Lebesby",2932602.314,50,2269.84,3.3,1349,7,17
2018,"Finnmark",2027,"Nesseby",4736356.949,159,200.5,2.7,944,-1,7
2018,"Finnmark",2028,"Batsfjord",-200249.506,40500,1379.46,2.9,2263,7,75
2018,"Finnmark",2030,"Sor-Varanger",2656962.647,0,1135.7,2.5,10171,-34,112
2018,"Troms",1902,"Tromso",13114665.396,20745062,2767.33,2.6,75638,329,634
2018,"Troms",1903,"Harstad",15223198.726,0,1075.25,2.6,24820,-30,274
2018,"Troms",1911,"Kvaefjord",6937930.908,4,189.03,2.5,2928,-24,33
2018,"Troms",1913,"Skanland",3711088.007,0,85.75,2.4,2994,13,31
2018,"Troms",1917,"Ibestad",17283563.421,0,351.66,2.7,1380,1,26
2018,"Troms",1919,"Gratangen",-97843.3359999999,0,61.93,2.4,1117,-25,9
2018,"Troms",1920,"Lavangen",358207.921,0,22.93,2.4,1061,1,12
2018,"Troms",1923,"Salangen",4101116.924,0,63.61,2.5,2226,5,13
2018,"Troms",1926,"Dyroy",13119147.448,0,181.21,2.7,1165,-10,5
2018,"Troms",1927,"Tranoy",18904046.201,0,414.56,2.7,1536,10,11
2018,"Troms",1928,"Torsken",3575365.029,0,832.68,3,943,2,22
2018,"Troms",1929,"Berg",6311866.556,10229649,836.66,2.8,902,2,NA
2018,"Troms",1931,"Lenvik",15763900.654,0,702.95,2.6,11644,27,85
2018,"Troms",1936,"Karlsoy",13280781.528,0,4796.75,2.9,2263,-8,21
2018,"Troms",1938,"Lyngen",3701257.4,408,487.07,2.6,2877,-2,21
2018,"Troms",1940,"Kafjord",424835.036,0,124.17,2.6,2132,-23,26
2018,"Troms",1941,"Skjervoy",18943669.8,0,1088,2.7,2925,2,21
2018,"Troms",1942,"Nordreisa",7128126.138,0,243.72,2.6,4944,1,51
2018,"Troms",1943,"Kvaenangen",9507924.881,0,573.01,2.7,1224,0,16
2018,"Nordland",1804,"Bodo",11414301.313,277472,3431.45,2.6,51558,123,404
2018,"Nordland",1805,"Narvik",1555224.935,1604,200.61,2.5,18638,-23,196
2018,"Nordland",1811,"Bindal",4181372,106,641.29,2.4,1486,-17,9
2018,"Nordland",1812,"Somna",656408.458,0,594.84,2.7,2020,-8,13
2018,"Nordland",1813,"Bronnoy",17913733.767,33332,1052.81,2.6,7948,-7,72
2018,"Nordland",1815,"Vega",2368284.433,0,2756.44,2.7,1221,-2,11
2018,"Nordland",1816,"Vevelstad",6443898.099,0,122.2,3.2,506,0,4
2018,"Nordland",1818,"Heroy",18536920.463,0,2197.73,2.9,1790,-9,28
2018,"Nordland",1820,"Alstahaug",5195401.354,0,397.61,2.5,7450,0,68
2018,"Nordland",1822,"Leirfjord",1359711.116,11020,130.95,2.7,2307,2,25
2018,"Nordland",1824,"Vefsn",864815.453,0,101.49,2.4,13448,9,79
2018,"Nordland",1827,"Donna",12118585.742,0,567.37,2.6,1403,7,5
2018,"Nordland",1828,"Nesna",1907301.173,0,219.63,2.7,1805,21,17
2018,"Nordland",1833,"Rana",2670707.767,0,128.29,2.4,26230,-18,238
2018,"Nordland",1834,"Luroy",11356997.055,0,1072.51,2.6,1920,-5,11
2018,"Nordland",1835,"Traena",1837861.723,4646590,1777.3,2.4,454,2,4
2018,"Nordland",1836,"Rodoy",31650389.706,22126,2391.77,2.4,1249,-5,4
2018,"Nordland",1837,"Meloy",12299812.856,5243,1872.46,2.6,6346,-6,111
2018,"Nordland",1838,"Gildeskal",10078186.813,238,837.6,2.7,1998,3,18
2018,"Nordland",1840,"Saltdal",4261142.265,178,29.77,2.3,4691,-15,42
2018,"Nordland",1841,"Fauske",1978756.231,0,84.29,2.4,9775,8,104
2018,"Nordland",1845,"Sorfold",13463695.006,513,192.04,2.3,1979,-9,NA
2018,"Nordland",1848,"Steigen",15816498.335,0,2475.41,2.8,2534,22,12
2018,"Nordland",1849,"Hamaroy",5065211.387,0,528.96,2.8,1801,-13,13
2018,"Nordland",1850,"Tysfjord",18191119.762,0,465.3,2.4,1953,-7,26
2018,"Nordland",1851,"Lodingen",8034920.543,12177823,516.46,2.8,2102,-11,18
2018,"Nordland",1852,"Tjeldsund",1332616.746,0,125.56,2.3,1259,1,9
2018,"Nordland",1854,"Ballangen",6012780.837,0,260.93,2.5,2522,-2,30
2018,"Nordland",1859,"Flakstad",1511648.602,0,994.01,2.7,1301,4,24
2018,"Nordland",1860,"Vestvagoy",3328527.673,206987,1685.01,2.7,11397,17,264
2018,"Nordland",1865,"Vagan",423909.891,2258903,1608.35,2.6,9611,-11,130
2018,"Nordland",1866,"Hadsel",6531470.234,0,617.87,2.6,8042,10,91
2018,"Nordland",1867,"Bo",5808030.778,0,1579.07,2.7,2623,-2,27
2018,"Nordland",1868,"Oksnes",10501767.378,954917,1495.68,2.8,4541,-4,50
2018,"Nordland",1870,"Sortland",8708401.114,203,371.13,2.6,10401,28,110
2005,"Finnmark",2004,"Hammerfest",3754205.928,15859.2755,2379.58,2.3,9261,13,197
2005,"Finnmark",2012,"Alta",18556895.445,96.3164,708.22,2.4,17628,76,464
2005,"Finnmark",2014,"Loppa",4366246.411,2553.3737,2119.69,2.4,1266,-22,81
2005,"Finnmark",2017,"Kvalsund",1340382.824,355.1067,299.43,2.6,1080,-2,29
2005,"Finnmark",2019,"Nordkapp",229582,12909.6813,3172.78,2.5,3415,12,178
2005,"Finnmark",2022,"Lebesby",758095.434,4578.5845,2269.84,2.3,1430,-10,61
2005,"Finnmark",2023,"Gamvik",774463,6187.2208,1688.92,2.2,1114,-26,56
2005,"Finnmark",2027,"Nesseby",1607358.578,144.0572,200.5,2.5,901,-1,37
2005,"Finnmark",2030,"Sor-Varanger",333026,435.1423,1135.7,2.2,9463,-29,263
2005,"Troms",1902,"Tromso",3560745.607,32880.1141,2767.33,2.5,62558,416,1225
2005,"Troms",1903,"Harstad",4108036.155,1012.9583,1075.25,NA,0,0,NA
2005,"Troms",1911,"Kvaefjord",4352943.719,187.8455,189.03,2.3,3072,3,42
2005,"Troms",1913,"Skanland",2335461.395,0,85.75,2.4,2954,-25,73
2005,"Troms",1917,"Ibestad",3355580.262,0.072,351.66,2.8,1649,-8,35
2005,"Troms",1919,"Gratangen",3700167.154,0.1013,61.93,2.3,1268,-2,35
2005,"Troms",1920,"Lavangen",501552.882,0.1875,22.93,2.4,1029,10,29
2005,"Troms",1923,"Salangen",2685575.908,0,63.61,2.4,2244,-6,36
2005,"Troms",1926,"Dyroy",5143573.293,0,181.21,2.5,1288,0,29
2005,"Troms",1927,"Tranoy",5000446.141,0,414.56,2.4,1632,-8,28
2005,"Troms",1928,"Torsken",3442741.236,6921.3368,832.68,2.5,1033,-13,22
2005,"Troms",1929,"Berg",2904700.404,22636.5315,836.66,2.4,1014,6,19
2005,"Troms",1931,"Lenvik",1164203.46,3412.8568,702.95,2.4,11035,-9,217
2005,"Troms",1936,"Karlsoy",3153442.241,9208.2153,4796.75,2.6,2372,-13,78
2005,"Troms",1938,"Lyngen",2394568.251,80.673,487.07,2.5,3158,-6,131
2005,"Troms",1940,"Kafjord",2943137.034,370.6947,124.17,2.4,2288,-19,77
2005,"Troms",1941,"Skjervoy",6553475.55,6330.3783,1088,2.3,3003,-7,141
2005,"Troms",1942,"Nordreisa",3225714.706,298.8264,243.72,2.5,4744,7,161
2005,"Troms",1943,"Kvaenangen",5629258.858,604.6214,573.01,2.4,1401,-3,46
2005,"Nordland",1804,"Bodo",342154.779,44091.3857,3431.45,2.4,44414,119,989
2005,"Nordland",1811,"Bindal",1773994.385,145.7824,641.29,2.3,1778,-10,29
2005,"Nordland",1812,"Somna",4266908.258,3.4086,594.84,2.4,2075,-13,26
2005,"Nordland",1813,"Bronnoy",1611251.035,367.5733,1052.81,2.4,7585,-16,122
2005,"Nordland",1815,"Vega",722991.653,172.0283,2756.44,2.5,1356,-8,30
2005,"Nordland",1816,"Vevelstad",424869.348,0,122.2,2.3,524,-5,NA
2005,"Nordland",1818,"Heroy",750516.545,782.3864,2197.73,2.4,1739,-1,62
2005,"Nordland",1820,"Alstahaug",4098260.765,2.8483,397.61,2.3,7398,-19,227
2005,"Nordland",1824,"Vefsn",1676524.266,0.2065,101.49,2.3,13486,-27,297
2005,"Nordland",1827,"Donna",3927009.07,454.9205,567.37,2.6,1528,-5,39
2005,"Nordland",1828,"Nesna",1315955.447,9.2156,219.63,2.2,1801,-8,29
2005,"Nordland",1833,"Rana",2515529.399,0,128.29,2.2,25320,27,629
2005,"Nordland",1834,"Luroy",5293795.345,208.3861,1072.51,2.6,2028,-15,50
2005,"Nordland",1835,"Traena",1189785.45,23392.6402,1777.3,2.8,444,1,6
2005,"Nordland",1836,"Rodoy",9305197.991,587.3291,2391.77,2.4,1443,-26,32
2005,"Nordland",1837,"Meloy",6228463.047,669.6959,1872.46,2.4,6759,-25,119
2005,"Nordland",1838,"Gildeskal",6419499.983,113.8987,837.6,2.4,2178,2,38
2005,"Nordland",1840,"Saltdal",816275.121,0.7854,29.77,2.4,4800,-19,176
2005,"Nordland",1841,"Fauske",938417.42,53.0295,84.29,2.4,9549,0,325
2005,"Nordland",1845,"Sorfold",5703938.558,168.1242,192.04,2.4,2153,5,76
2005,"Nordland",1848,"Steigen",6958914.299,839.0876,2475.41,2.5,2802,-18,86
2005,"Nordland",1849,"Hamaroy",2475057.207,0,528.96,2.5,1836,-13,61
2005,"Nordland",1850,"Tysfjord",177054.426,899.9534,465.3,2.3,2150,-11,67
2005,"Nordland",1851,"Lodingen",1737982.965,31657.4642,516.46,2.4,2349,-5,63
2005,"Nordland",1854,"Ballangen",833739.187,0,260.93,2.3,2736,-10,78
2005,"Nordland",1859,"Flakstad",1605962.919,5948.8874,994.01,2.6,1470,5,38
2005,"Nordland",1860,"Vestvagoy",-220860.011,7949.3321,1685.01,2.5,10764,-18,327
2005,"Nordland",1865,"Vagan",8014323.758,45408.6832,1608.35,2.4,9034,-28,258
2005,"Nordland",1866,"Hadsel",7128873.601,642.0736,617.87,2.4,8039,13,201
2005,"Nordland",1867,"Bo",3049089.626,8353.9574,1579.07,2.4,3003,-10,103
2005,"Nordland",1868,"Oksnes",9202758.955,8722.6848,1495.68,2.5,4550,19,153
2005,"Nordland",1870,"Sortland",2964265.905,5742.4245,371.13,2.4,9536,37,252
2008,"Troms",1933,"Balsfjord",0,123.265,244.81,2.4,5529,-29,54
2010,"Troms",1939,"Storfjord",-4798459.5,0.3315,62.6,2.3,1888,3,31
2011,"Finnmark",2018,"Masoy",2081365.091,29844.4647,2746.77,2.6,1228,2,32
2011,"Troms",1925,"Sorreisa",931588.526,0,29.87,2.2,3371,-1,42
2011,"Nordland",1805,"Narvik",-188008.653,8.2752,200.61,2.4,18380,31,237
2011,"Nordland",1822,"Leirfjord",188637.052,10.65,130.95,2.5,2160,-25,52
2014,"Finnmark",2015,"Hasvik",639209.116,15701.1149,2212.36,2.6,1037,14,38
2014,"Nordland",1874,"Moskenes",185051.615,8598.0213,1473.84,2.8,1108,-8,28
2015,"Nordland",1853,"Evenes",1412155.828,0,137.56,2.8,1385,7,13
2016,"Finnmark",2028,"Batsfjord",892273.679,17175.3359,1379.46,2.9,2211,35,61
2016,"Nordland",1852,"Tjeldsund",1424412.913,0,125.56,2.3,1283,0,8
